id,category1,category2,category3,category4,category5
10002,0,1,2,3,4
10003,0,1,2,3,4
10018,0,1,2,3,4
10028,0,1,2,3,4
10029,0,1,2,3,4
10039,0,1,2,3,4
10047,0,1,2,3,4
10049,0,1,2,3,4
10066,0,1,2,3,4
10073,0,1,2,3,4
10122,0,1,2,3,4
10124,0,1,2,3,4
1013,0,1,2,3,4
10151,0,1,2,3,4
10152,0,1,2,3,4
1016,0,1,2,3,4
10184,0,1,2,3,4
1019,0,1,2,3,4
10190,0,1,2,3,4
10195,0,1,2,3,4
10201,0,1,2,3,4
10215,0,1,2,3,4
10235,0,1,2,3,4
10237,0,1,2,3,4
10238,0,1,2,3,4
10263,0,1,2,3,4
10265,0,1,2,3,4
10273,0,1,2,3,4
10326,0,1,2,3,4
10346,0,1,2,3,4
10347,0,1,2,3,4
10367,0,1,2,3,4
10368,0,1,2,3,4
10373,0,1,2,3,4
10379,0,1,2,3,4
10387,0,1,2,3,4
10429,0,1,2,3,4
10432,0,1,2,3,4
10455,0,1,2,3,4
10457,0,1,2,3,4
10465,0,1,2,3,4
10474,0,1,2,3,4
1049,0,1,2,3,4
10492,0,1,2,3,4
10501,0,1,2,3,4
1051,0,1,2,3,4
1053,0,1,2,3,4
10549,0,1,2,3,4
10552,0,1,2,3,4
10560,0,1,2,3,4
10561,0,1,2,3,4
10573,0,1,2,3,4
10578,0,1,2,3,4
10579,0,1,2,3,4
10587,0,1,2,3,4
10597,0,1,2,3,4
10598,0,1,2,3,4
10603,0,1,2,3,4
10611,0,1,2,3,4
10642,0,1,2,3,4
10644,0,1,2,3,4
10645,0,1,2,3,4
10663,0,1,2,3,4
10689,0,1,2,3,4
10699,0,1,2,3,4
10705,0,1,2,3,4
10726,0,1,2,3,4
10741,0,1,2,3,4
10749,0,1,2,3,4
10768,0,1,2,3,4
10781,0,1,2,3,4
10792,0,1,2,3,4
10794,0,1,2,3,4
108,0,1,2,3,4
1081,0,1,2,3,4
10822,0,1,2,3,4
10824,0,1,2,3,4
10829,0,1,2,3,4
10836,0,1,2,3,4
10861,0,1,2,3,4
10872,0,1,2,3,4
10882,0,1,2,3,4
10896,0,1,2,3,4
109,0,1,2,3,4
10904,0,1,2,3,4
10920,0,1,2,3,4
1095,0,1,2,3,4
10964,0,1,2,3,4
10978,0,1,2,3,4
10982,0,1,2,3,4
10986,0,1,2,3,4
10998,0,1,2,3,4
11001,0,1,2,3,4
11029,0,1,2,3,4
11047,0,1,2,3,4
11067,0,1,2,3,4
11073,0,1,2,3,4
11074,0,1,2,3,4
11079,0,1,2,3,4
11082,0,1,2,3,4
11087,0,1,2,3,4
11105,0,1,2,3,4
11115,0,1,2,3,4
11117,0,1,2,3,4
11129,0,1,2,3,4
11136,0,1,2,3,4
11140,0,1,2,3,4
11161,0,1,2,3,4
11178,0,1,2,3,4
11182,0,1,2,3,4
11197,0,1,2,3,4
11204,0,1,2,3,4
1121,0,1,2,3,4
11214,0,1,2,3,4
11223,0,1,2,3,4
11224,0,1,2,3,4
1123,0,1,2,3,4
11243,0,1,2,3,4
11247,0,1,2,3,4
11252,0,1,2,3,4
11272,0,1,2,3,4
11275,0,1,2,3,4
1128,0,1,2,3,4
1129,0,1,2,3,4
11291,0,1,2,3,4
11294,0,1,2,3,4
1134,0,1,2,3,4
11343,0,1,2,3,4
11346,0,1,2,3,4
11352,0,1,2,3,4
11374,0,1,2,3,4
11383,0,1,2,3,4
11390,0,1,2,3,4
11421,0,1,2,3,4
11433,0,1,2,3,4
1145,0,1,2,3,4
11481,0,1,2,3,4
11499,0,1,2,3,4
1151,0,1,2,3,4
11518,0,1,2,3,4
11519,0,1,2,3,4
11520,0,1,2,3,4
1155,0,1,2,3,4
11564,0,1,2,3,4
11593,0,1,2,3,4
11621,0,1,2,3,4
11622,0,1,2,3,4
11628,0,1,2,3,4
11634,0,1,2,3,4
11662,0,1,2,3,4
11688,0,1,2,3,4
11704,0,1,2,3,4
11708,0,1,2,3,4
1172,0,1,2,3,4
11724,0,1,2,3,4
11753,0,1,2,3,4
1176,0,1,2,3,4
11772,0,1,2,3,4
11792,0,1,2,3,4
11816,0,1,2,3,4
11823,0,1,2,3,4
11824,0,1,2,3,4
11852,0,1,2,3,4
11853,0,1,2,3,4
11874,0,1,2,3,4
11891,0,1,2,3,4
11928,0,1,2,3,4
11937,0,1,2,3,4
11941,0,1,2,3,4
11950,0,1,2,3,4
11955,0,1,2,3,4
1196,0,1,2,3,4
11970,0,1,2,3,4
11974,0,1,2,3,4
11992,0,1,2,3,4
12003,0,1,2,3,4
1202,0,1,2,3,4
12020,0,1,2,3,4
12024,0,1,2,3,4
12037,0,1,2,3,4
12045,0,1,2,3,4
12050,0,1,2,3,4
12063,0,1,2,3,4
12082,0,1,2,3,4
12089,0,1,2,3,4
12116,0,1,2,3,4
12123,0,1,2,3,4
12127,0,1,2,3,4
1213,0,1,2,3,4
12142,0,1,2,3,4
12149,0,1,2,3,4
12150,0,1,2,3,4
12155,0,1,2,3,4
12189,0,1,2,3,4
12194,0,1,2,3,4
12195,0,1,2,3,4
12196,0,1,2,3,4
1220,0,1,2,3,4
12206,0,1,2,3,4
12216,0,1,2,3,4
12217,0,1,2,3,4
12240,0,1,2,3,4
12252,0,1,2,3,4
12268,0,1,2,3,4
1227,0,1,2,3,4
12273,0,1,2,3,4
1228,0,1,2,3,4
12291,0,1,2,3,4
12307,0,1,2,3,4
1233,0,1,2,3,4
1234,0,1,2,3,4
12350,0,1,2,3,4
12352,0,1,2,3,4
12357,0,1,2,3,4
12371,0,1,2,3,4
12375,0,1,2,3,4
12377,0,1,2,3,4
12385,0,1,2,3,4
12398,0,1,2,3,4
12424,0,1,2,3,4
12444,0,1,2,3,4
12445,0,1,2,3,4
12474,0,1,2,3,4
12539,0,1,2,3,4
12541,0,1,2,3,4
12560,0,1,2,3,4
12564,0,1,2,3,4
12567,0,1,2,3,4
12572,0,1,2,3,4
1259,0,1,2,3,4
12613,0,1,2,3,4
12614,0,1,2,3,4
1262,0,1,2,3,4
12625,0,1,2,3,4
12639,0,1,2,3,4
12648,0,1,2,3,4
12666,0,1,2,3,4
12673,0,1,2,3,4
12678,0,1,2,3,4
12700,0,1,2,3,4
12702,0,1,2,3,4
12704,0,1,2,3,4
12748,0,1,2,3,4
12759,0,1,2,3,4
12761,0,1,2,3,4
12795,0,1,2,3,4
1280,0,1,2,3,4
12800,0,1,2,3,4
12809,0,1,2,3,4
12823,0,1,2,3,4
12824,0,1,2,3,4
12826,0,1,2,3,4
12831,0,1,2,3,4
12837,0,1,2,3,4
12867,0,1,2,3,4
12890,0,1,2,3,4
12891,0,1,2,3,4
12942,0,1,2,3,4
12963,0,1,2,3,4
12982,0,1,2,3,4
12987,0,1,2,3,4
13019,0,1,2,3,4
1304,0,1,2,3,4
1305,0,1,2,3,4
13061,0,1,2,3,4
13066,0,1,2,3,4
1308,0,1,2,3,4
13096,0,1,2,3,4
131,0,1,2,3,4
1311,0,1,2,3,4
13112,0,1,2,3,4
13116,0,1,2,3,4
13123,0,1,2,3,4
13132,0,1,2,3,4
13150,0,1,2,3,4
13163,0,1,2,3,4
13177,0,1,2,3,4
13197,0,1,2,3,4
13213,0,1,2,3,4
13222,0,1,2,3,4
13223,0,1,2,3,4
13224,0,1,2,3,4
13225,0,1,2,3,4
13239,0,1,2,3,4
13245,0,1,2,3,4
13287,0,1,2,3,4
13315,0,1,2,3,4
13325,0,1,2,3,4
13328,0,1,2,3,4
13329,0,1,2,3,4
13332,0,1,2,3,4
13343,0,1,2,3,4
13359,0,1,2,3,4
13371,0,1,2,3,4
1338,0,1,2,3,4
13387,0,1,2,3,4
1340,0,1,2,3,4
13416,0,1,2,3,4
13417,0,1,2,3,4
13420,0,1,2,3,4
13428,0,1,2,3,4
13441,0,1,2,3,4
13442,0,1,2,3,4
1345,0,1,2,3,4
13462,0,1,2,3,4
13467,0,1,2,3,4
1349,0,1,2,3,4
13492,0,1,2,3,4
13493,0,1,2,3,4
13495,0,1,2,3,4
13499,0,1,2,3,4
13518,0,1,2,3,4
13525,0,1,2,3,4
13553,0,1,2,3,4
13561,0,1,2,3,4
13564,0,1,2,3,4
13570,0,1,2,3,4
13583,0,1,2,3,4
13600,0,1,2,3,4
13601,0,1,2,3,4
13605,0,1,2,3,4
13607,0,1,2,3,4
13616,0,1,2,3,4
13619,0,1,2,3,4
13635,0,1,2,3,4
13641,0,1,2,3,4
13659,0,1,2,3,4
13673,0,1,2,3,4
13692,0,1,2,3,4
13700,0,1,2,3,4
13717,0,1,2,3,4
13718,0,1,2,3,4
13719,0,1,2,3,4
13722,0,1,2,3,4
13728,0,1,2,3,4
13745,0,1,2,3,4
13749,0,1,2,3,4
13775,0,1,2,3,4
13776,0,1,2,3,4
13778,0,1,2,3,4
13783,0,1,2,3,4
13791,0,1,2,3,4
13797,0,1,2,3,4
13813,0,1,2,3,4
13817,0,1,2,3,4
13819,0,1,2,3,4
13823,0,1,2,3,4
13839,0,1,2,3,4
13840,0,1,2,3,4
13847,0,1,2,3,4
13856,0,1,2,3,4
13878,0,1,2,3,4
13894,0,1,2,3,4
13895,0,1,2,3,4
13902,0,1,2,3,4
1391,0,1,2,3,4
13910,0,1,2,3,4
13941,0,1,2,3,4
13944,0,1,2,3,4
1397,0,1,2,3,4
13971,0,1,2,3,4
13984,0,1,2,3,4
14023,0,1,2,3,4
14067,0,1,2,3,4
14078,0,1,2,3,4
14100,0,1,2,3,4
14132,0,1,2,3,4
14138,0,1,2,3,4
14150,0,1,2,3,4
14152,0,1,2,3,4
14180,0,1,2,3,4
142,0,1,2,3,4
14204,0,1,2,3,4
14219,0,1,2,3,4
14230,0,1,2,3,4
14236,0,1,2,3,4
14243,0,1,2,3,4
14254,0,1,2,3,4
14261,0,1,2,3,4
14262,0,1,2,3,4
14274,0,1,2,3,4
14286,0,1,2,3,4
14295,0,1,2,3,4
14301,0,1,2,3,4
14312,0,1,2,3,4
14393,0,1,2,3,4
14416,0,1,2,3,4
14442,0,1,2,3,4
14460,0,1,2,3,4
14461,0,1,2,3,4
14464,0,1,2,3,4
14482,0,1,2,3,4
14495,0,1,2,3,4
14498,0,1,2,3,4
14510,0,1,2,3,4
14529,0,1,2,3,4
14530,0,1,2,3,4
14534,0,1,2,3,4
14539,0,1,2,3,4
14541,0,1,2,3,4
14549,0,1,2,3,4
14558,0,1,2,3,4
14588,0,1,2,3,4
14607,0,1,2,3,4
14638,0,1,2,3,4
14646,0,1,2,3,4
14656,0,1,2,3,4
1466,0,1,2,3,4
14661,0,1,2,3,4
14668,0,1,2,3,4
14679,0,1,2,3,4
14682,0,1,2,3,4
14684,0,1,2,3,4
14703,0,1,2,3,4
14708,0,1,2,3,4
14728,0,1,2,3,4
14729,0,1,2,3,4
14739,0,1,2,3,4
14746,0,1,2,3,4
14750,0,1,2,3,4
14770,0,1,2,3,4
14777,0,1,2,3,4
14779,0,1,2,3,4
14802,0,1,2,3,4
14803,0,1,2,3,4
14833,0,1,2,3,4
14834,0,1,2,3,4
14837,0,1,2,3,4
14846,0,1,2,3,4
14862,0,1,2,3,4
14863,0,1,2,3,4
14864,0,1,2,3,4
14865,0,1,2,3,4
14869,0,1,2,3,4
14889,0,1,2,3,4
14894,0,1,2,3,4
14898,0,1,2,3,4
14902,0,1,2,3,4
14909,0,1,2,3,4
14918,0,1,2,3,4
1492,0,1,2,3,4
14927,0,1,2,3,4
14932,0,1,2,3,4
14956,0,1,2,3,4
14960,0,1,2,3,4
14970,0,1,2,3,4
15001,0,1,2,3,4
1501,0,1,2,3,4
15031,0,1,2,3,4
15032,0,1,2,3,4
15034,0,1,2,3,4
15082,0,1,2,3,4
15087,0,1,2,3,4
15098,0,1,2,3,4
15100,0,1,2,3,4
15101,0,1,2,3,4
1511,0,1,2,3,4
15116,0,1,2,3,4
1512,0,1,2,3,4
1514,0,1,2,3,4
15143,0,1,2,3,4
15163,0,1,2,3,4
15170,0,1,2,3,4
1518,0,1,2,3,4
15185,0,1,2,3,4
15199,0,1,2,3,4
15200,0,1,2,3,4
15209,0,1,2,3,4
15214,0,1,2,3,4
15215,0,1,2,3,4
1523,0,1,2,3,4
15264,0,1,2,3,4
15265,0,1,2,3,4
15274,0,1,2,3,4
1530,0,1,2,3,4
15302,0,1,2,3,4
15307,0,1,2,3,4
15335,0,1,2,3,4
1535,0,1,2,3,4
15364,0,1,2,3,4
15366,0,1,2,3,4
15377,0,1,2,3,4
1538,0,1,2,3,4
15382,0,1,2,3,4
15387,0,1,2,3,4
15399,0,1,2,3,4
15417,0,1,2,3,4
15422,0,1,2,3,4
1545,0,1,2,3,4
15465,0,1,2,3,4
15472,0,1,2,3,4
15482,0,1,2,3,4
1550,0,1,2,3,4
15517,0,1,2,3,4
1552,0,1,2,3,4
15523,0,1,2,3,4
15528,0,1,2,3,4
15536,0,1,2,3,4
15555,0,1,2,3,4
15561,0,1,2,3,4
15563,0,1,2,3,4
15565,0,1,2,3,4
15579,0,1,2,3,4
15581,0,1,2,3,4
15593,0,1,2,3,4
15616,0,1,2,3,4
15622,0,1,2,3,4
15631,0,1,2,3,4
15632,0,1,2,3,4
15649,0,1,2,3,4
15654,0,1,2,3,4
15659,0,1,2,3,4
15668,0,1,2,3,4
15692,0,1,2,3,4
15704,0,1,2,3,4
15708,0,1,2,3,4
15713,0,1,2,3,4
15728,0,1,2,3,4
15736,0,1,2,3,4
15742,0,1,2,3,4
15757,0,1,2,3,4
15770,0,1,2,3,4
15777,0,1,2,3,4
15783,0,1,2,3,4
15786,0,1,2,3,4
15797,0,1,2,3,4
15821,0,1,2,3,4
15824,0,1,2,3,4
15839,0,1,2,3,4
1584,0,1,2,3,4
15849,0,1,2,3,4
15855,0,1,2,3,4
15860,0,1,2,3,4
15864,0,1,2,3,4
15887,0,1,2,3,4
15890,0,1,2,3,4
15897,0,1,2,3,4
15904,0,1,2,3,4
15941,0,1,2,3,4
15944,0,1,2,3,4
15953,0,1,2,3,4
15958,0,1,2,3,4
15965,0,1,2,3,4
15977,0,1,2,3,4
15984,0,1,2,3,4
15992,0,1,2,3,4
15995,0,1,2,3,4
15999,0,1,2,3,4
16003,0,1,2,3,4
16009,0,1,2,3,4
16032,0,1,2,3,4
16049,0,1,2,3,4
16055,0,1,2,3,4
16093,0,1,2,3,4
16097,0,1,2,3,4
16098,0,1,2,3,4
16108,0,1,2,3,4
1612,0,1,2,3,4
1633,0,1,2,3,4
1646,0,1,2,3,4
1649,0,1,2,3,4
1658,0,1,2,3,4
1666,0,1,2,3,4
1667,0,1,2,3,4
1688,0,1,2,3,4
1705,0,1,2,3,4
1706,0,1,2,3,4
1707,0,1,2,3,4
1709,0,1,2,3,4
1711,0,1,2,3,4
1720,0,1,2,3,4
1728,0,1,2,3,4
1730,0,1,2,3,4
1759,0,1,2,3,4
1760,0,1,2,3,4
1772,0,1,2,3,4
1778,0,1,2,3,4
1780,0,1,2,3,4
1791,0,1,2,3,4
1803,0,1,2,3,4
1807,0,1,2,3,4
1812,0,1,2,3,4
1872,0,1,2,3,4
1888,0,1,2,3,4
1889,0,1,2,3,4
1901,0,1,2,3,4
1905,0,1,2,3,4
1919,0,1,2,3,4
1921,0,1,2,3,4
1929,0,1,2,3,4
1944,0,1,2,3,4
1945,0,1,2,3,4
1951,0,1,2,3,4
196,0,1,2,3,4
1960,0,1,2,3,4
1992,0,1,2,3,4
2005,0,1,2,3,4
2014,0,1,2,3,4
2017,0,1,2,3,4
2034,0,1,2,3,4
2035,0,1,2,3,4
2046,0,1,2,3,4
2048,0,1,2,3,4
2053,0,1,2,3,4
2062,0,1,2,3,4
2113,0,1,2,3,4
2124,0,1,2,3,4
2128,0,1,2,3,4
2142,0,1,2,3,4
2149,0,1,2,3,4
2160,0,1,2,3,4
2177,0,1,2,3,4
2183,0,1,2,3,4
2194,0,1,2,3,4
2218,0,1,2,3,4
2257,0,1,2,3,4
2268,0,1,2,3,4
227,0,1,2,3,4
2282,0,1,2,3,4
2284,0,1,2,3,4
2289,0,1,2,3,4
2293,0,1,2,3,4
2300,0,1,2,3,4
2310,0,1,2,3,4
2312,0,1,2,3,4
2313,0,1,2,3,4
2314,0,1,2,3,4
2358,0,1,2,3,4
2363,0,1,2,3,4
2377,0,1,2,3,4
2382,0,1,2,3,4
2383,0,1,2,3,4
2408,0,1,2,3,4
2430,0,1,2,3,4
2439,0,1,2,3,4
2454,0,1,2,3,4
2455,0,1,2,3,4
2461,0,1,2,3,4
2477,0,1,2,3,4
2497,0,1,2,3,4
2505,0,1,2,3,4
2510,0,1,2,3,4
2520,0,1,2,3,4
2537,0,1,2,3,4
254,0,1,2,3,4
2565,0,1,2,3,4
2570,0,1,2,3,4
2582,0,1,2,3,4
2605,0,1,2,3,4
2634,0,1,2,3,4
2646,0,1,2,3,4
2664,0,1,2,3,4
2666,0,1,2,3,4
2684,0,1,2,3,4
270,0,1,2,3,4
2708,0,1,2,3,4
2721,0,1,2,3,4
2740,0,1,2,3,4
2759,0,1,2,3,4
2763,0,1,2,3,4
2767,0,1,2,3,4
2775,0,1,2,3,4
2777,0,1,2,3,4
2782,0,1,2,3,4
2788,0,1,2,3,4
2799,0,1,2,3,4
2811,0,1,2,3,4
2822,0,1,2,3,4
2823,0,1,2,3,4
2828,0,1,2,3,4
284,0,1,2,3,4
2855,0,1,2,3,4
2859,0,1,2,3,4
2868,0,1,2,3,4
2883,0,1,2,3,4
2885,0,1,2,3,4
2886,0,1,2,3,4
29,0,1,2,3,4
2903,0,1,2,3,4
291,0,1,2,3,4
2917,0,1,2,3,4
2929,0,1,2,3,4
2933,0,1,2,3,4
2946,0,1,2,3,4
2952,0,1,2,3,4
2960,0,1,2,3,4
2965,0,1,2,3,4
2998,0,1,2,3,4
3004,0,1,2,3,4
3048,0,1,2,3,4
3099,0,1,2,3,4
3104,0,1,2,3,4
3117,0,1,2,3,4
3124,0,1,2,3,4
3126,0,1,2,3,4
3140,0,1,2,3,4
3148,0,1,2,3,4
3158,0,1,2,3,4
3164,0,1,2,3,4
319,0,1,2,3,4
3191,0,1,2,3,4
320,0,1,2,3,4
3205,0,1,2,3,4
3227,0,1,2,3,4
3230,0,1,2,3,4
3250,0,1,2,3,4
3253,0,1,2,3,4
3269,0,1,2,3,4
3285,0,1,2,3,4
329,0,1,2,3,4
3290,0,1,2,3,4
3311,0,1,2,3,4
3328,0,1,2,3,4
335,0,1,2,3,4
3353,0,1,2,3,4
3361,0,1,2,3,4
3369,0,1,2,3,4
3370,0,1,2,3,4
3384,0,1,2,3,4
3388,0,1,2,3,4
3403,0,1,2,3,4
3407,0,1,2,3,4
3430,0,1,2,3,4
3440,0,1,2,3,4
3442,0,1,2,3,4
3446,0,1,2,3,4
345,0,1,2,3,4
3456,0,1,2,3,4
3467,0,1,2,3,4
3474,0,1,2,3,4
3477,0,1,2,3,4
3482,0,1,2,3,4
3483,0,1,2,3,4
3489,0,1,2,3,4
3498,0,1,2,3,4
3500,0,1,2,3,4
3505,0,1,2,3,4
351,0,1,2,3,4
3518,0,1,2,3,4
3520,0,1,2,3,4
3527,0,1,2,3,4
353,0,1,2,3,4
3554,0,1,2,3,4
358,0,1,2,3,4
3597,0,1,2,3,4
3600,0,1,2,3,4
361,0,1,2,3,4
3612,0,1,2,3,4
3630,0,1,2,3,4
3649,0,1,2,3,4
3673,0,1,2,3,4
3699,0,1,2,3,4
3704,0,1,2,3,4
373,0,1,2,3,4
3743,0,1,2,3,4
3749,0,1,2,3,4
3761,0,1,2,3,4
3770,0,1,2,3,4
3786,0,1,2,3,4
3795,0,1,2,3,4
3798,0,1,2,3,4
3801,0,1,2,3,4
3802,0,1,2,3,4
3805,0,1,2,3,4
3806,0,1,2,3,4
384,0,1,2,3,4
3842,0,1,2,3,4
3846,0,1,2,3,4
3850,0,1,2,3,4
3874,0,1,2,3,4
3877,0,1,2,3,4
3878,0,1,2,3,4
3887,0,1,2,3,4
3906,0,1,2,3,4
3921,0,1,2,3,4
3928,0,1,2,3,4
3975,0,1,2,3,4
3978,0,1,2,3,4
3984,0,1,2,3,4
3986,0,1,2,3,4
3997,0,1,2,3,4
3999,0,1,2,3,4
400,0,1,2,3,4
4012,0,1,2,3,4
4023,0,1,2,3,4
4036,0,1,2,3,4
4040,0,1,2,3,4
4074,0,1,2,3,4
4092,0,1,2,3,4
4102,0,1,2,3,4
4119,0,1,2,3,4
4124,0,1,2,3,4
4132,0,1,2,3,4
4156,0,1,2,3,4
4160,0,1,2,3,4
4176,0,1,2,3,4
4202,0,1,2,3,4
4205,0,1,2,3,4
4217,0,1,2,3,4
4222,0,1,2,3,4
4230,0,1,2,3,4
4254,0,1,2,3,4
4255,0,1,2,3,4
4256,0,1,2,3,4
4273,0,1,2,3,4
4297,0,1,2,3,4
4321,0,1,2,3,4
4335,0,1,2,3,4
4344,0,1,2,3,4
4348,0,1,2,3,4
4350,0,1,2,3,4
4351,0,1,2,3,4
4360,0,1,2,3,4
4363,0,1,2,3,4
4373,0,1,2,3,4
441,0,1,2,3,4
4434,0,1,2,3,4
4450,0,1,2,3,4
4468,0,1,2,3,4
4471,0,1,2,3,4
4511,0,1,2,3,4
452,0,1,2,3,4
4541,0,1,2,3,4
4544,0,1,2,3,4
4557,0,1,2,3,4
456,0,1,2,3,4
4569,0,1,2,3,4
4581,0,1,2,3,4
4584,0,1,2,3,4
4599,0,1,2,3,4
46,0,1,2,3,4
4609,0,1,2,3,4
4613,0,1,2,3,4
4623,0,1,2,3,4
4633,0,1,2,3,4
464,0,1,2,3,4
4644,0,1,2,3,4
4650,0,1,2,3,4
4666,0,1,2,3,4
4671,0,1,2,3,4
4672,0,1,2,3,4
4687,0,1,2,3,4
4689,0,1,2,3,4
4695,0,1,2,3,4
4706,0,1,2,3,4
4708,0,1,2,3,4
4768,0,1,2,3,4
478,0,1,2,3,4
48,0,1,2,3,4
4824,0,1,2,3,4
4831,0,1,2,3,4
4840,0,1,2,3,4
485,0,1,2,3,4
4857,0,1,2,3,4
49,0,1,2,3,4
4901,0,1,2,3,4
4907,0,1,2,3,4
4920,0,1,2,3,4
4927,0,1,2,3,4
494,0,1,2,3,4
4946,0,1,2,3,4
4949,0,1,2,3,4
4959,0,1,2,3,4
4978,0,1,2,3,4
4987,0,1,2,3,4
499,0,1,2,3,4
4991,0,1,2,3,4
5025,0,1,2,3,4
5065,0,1,2,3,4
5087,0,1,2,3,4
5096,0,1,2,3,4
5099,0,1,2,3,4
5116,0,1,2,3,4
5137,0,1,2,3,4
5138,0,1,2,3,4
5146,0,1,2,3,4
5162,0,1,2,3,4
5188,0,1,2,3,4
5189,0,1,2,3,4
519,0,1,2,3,4
5190,0,1,2,3,4
5197,0,1,2,3,4
5210,0,1,2,3,4
5234,0,1,2,3,4
5246,0,1,2,3,4
5252,0,1,2,3,4
5271,0,1,2,3,4
5282,0,1,2,3,4
5297,0,1,2,3,4
5309,0,1,2,3,4
5330,0,1,2,3,4
5331,0,1,2,3,4
5349,0,1,2,3,4
5356,0,1,2,3,4
5360,0,1,2,3,4
5363,0,1,2,3,4
5370,0,1,2,3,4
5394,0,1,2,3,4
5398,0,1,2,3,4
5399,0,1,2,3,4
5407,0,1,2,3,4
541,0,1,2,3,4
5424,0,1,2,3,4
5427,0,1,2,3,4
5429,0,1,2,3,4
5451,0,1,2,3,4
5472,0,1,2,3,4
55,0,1,2,3,4
5515,0,1,2,3,4
5529,0,1,2,3,4
5537,0,1,2,3,4
5539,0,1,2,3,4
554,0,1,2,3,4
5544,0,1,2,3,4
5567,0,1,2,3,4
5574,0,1,2,3,4
5596,0,1,2,3,4
5633,0,1,2,3,4
5635,0,1,2,3,4
5668,0,1,2,3,4
567,0,1,2,3,4
569,0,1,2,3,4
5692,0,1,2,3,4
5697,0,1,2,3,4
5724,0,1,2,3,4
5736,0,1,2,3,4
5760,0,1,2,3,4
5777,0,1,2,3,4
5795,0,1,2,3,4
5796,0,1,2,3,4
5815,0,1,2,3,4
5820,0,1,2,3,4
584,0,1,2,3,4
5846,0,1,2,3,4
5854,0,1,2,3,4
5860,0,1,2,3,4
5873,0,1,2,3,4
5888,0,1,2,3,4
5911,0,1,2,3,4
5923,0,1,2,3,4
5929,0,1,2,3,4
5962,0,1,2,3,4
5964,0,1,2,3,4
597,0,1,2,3,4
598,0,1,2,3,4
5987,0,1,2,3,4
60,0,1,2,3,4
6007,0,1,2,3,4
602,0,1,2,3,4
6039,0,1,2,3,4
6059,0,1,2,3,4
6066,0,1,2,3,4
6076,0,1,2,3,4
608,0,1,2,3,4
6085,0,1,2,3,4
6103,0,1,2,3,4
6122,0,1,2,3,4
6139,0,1,2,3,4
616,0,1,2,3,4
6170,0,1,2,3,4
6176,0,1,2,3,4
6183,0,1,2,3,4
6199,0,1,2,3,4
6205,0,1,2,3,4
6213,0,1,2,3,4
6229,0,1,2,3,4
6235,0,1,2,3,4
630,0,1,2,3,4
6304,0,1,2,3,4
6347,0,1,2,3,4
635,0,1,2,3,4
6365,0,1,2,3,4
6371,0,1,2,3,4
6387,0,1,2,3,4
6430,0,1,2,3,4
6435,0,1,2,3,4
6436,0,1,2,3,4
6468,0,1,2,3,4
6470,0,1,2,3,4
6480,0,1,2,3,4
6483,0,1,2,3,4
6488,0,1,2,3,4
6502,0,1,2,3,4
6510,0,1,2,3,4
6522,0,1,2,3,4
6525,0,1,2,3,4
6532,0,1,2,3,4
6545,0,1,2,3,4
6551,0,1,2,3,4
6563,0,1,2,3,4
6583,0,1,2,3,4
6589,0,1,2,3,4
660,0,1,2,3,4
6601,0,1,2,3,4
664,0,1,2,3,4
6654,0,1,2,3,4
6665,0,1,2,3,4
6666,0,1,2,3,4
6671,0,1,2,3,4
6674,0,1,2,3,4
668,0,1,2,3,4
6700,0,1,2,3,4
672,0,1,2,3,4
6724,0,1,2,3,4
6736,0,1,2,3,4
6740,0,1,2,3,4
6743,0,1,2,3,4
6776,0,1,2,3,4
6784,0,1,2,3,4
6805,0,1,2,3,4
683,0,1,2,3,4
6835,0,1,2,3,4
6846,0,1,2,3,4
685,0,1,2,3,4
6874,0,1,2,3,4
690,0,1,2,3,4
6906,0,1,2,3,4
6930,0,1,2,3,4
6939,0,1,2,3,4
6943,0,1,2,3,4
6948,0,1,2,3,4
6951,0,1,2,3,4
6982,0,1,2,3,4
6996,0,1,2,3,4
7000,0,1,2,3,4
701,0,1,2,3,4
7029,0,1,2,3,4
7075,0,1,2,3,4
7086,0,1,2,3,4
7102,0,1,2,3,4
7106,0,1,2,3,4
7114,0,1,2,3,4
7122,0,1,2,3,4
7129,0,1,2,3,4
7173,0,1,2,3,4
7195,0,1,2,3,4
7202,0,1,2,3,4
7221,0,1,2,3,4
7271,0,1,2,3,4
7307,0,1,2,3,4
7309,0,1,2,3,4
7322,0,1,2,3,4
7323,0,1,2,3,4
7335,0,1,2,3,4
7353,0,1,2,3,4
7392,0,1,2,3,4
7405,0,1,2,3,4
7418,0,1,2,3,4
7436,0,1,2,3,4
7442,0,1,2,3,4
7449,0,1,2,3,4
7460,0,1,2,3,4
7488,0,1,2,3,4
7490,0,1,2,3,4
75,0,1,2,3,4
7528,0,1,2,3,4
7539,0,1,2,3,4
7551,0,1,2,3,4
7556,0,1,2,3,4
7558,0,1,2,3,4
7578,0,1,2,3,4
7595,0,1,2,3,4
760,0,1,2,3,4
7602,0,1,2,3,4
7607,0,1,2,3,4
7610,0,1,2,3,4
7613,0,1,2,3,4
7630,0,1,2,3,4
7643,0,1,2,3,4
7660,0,1,2,3,4
7671,0,1,2,3,4
7682,0,1,2,3,4
7691,0,1,2,3,4
7706,0,1,2,3,4
7711,0,1,2,3,4
7727,0,1,2,3,4
7738,0,1,2,3,4
7746,0,1,2,3,4
7747,0,1,2,3,4
7748,0,1,2,3,4
7755,0,1,2,3,4
7758,0,1,2,3,4
7759,0,1,2,3,4
776,0,1,2,3,4
7776,0,1,2,3,4
7785,0,1,2,3,4
7786,0,1,2,3,4
7791,0,1,2,3,4
7840,0,1,2,3,4
7842,0,1,2,3,4
7844,0,1,2,3,4
7881,0,1,2,3,4
7886,0,1,2,3,4
79,0,1,2,3,4
7900,0,1,2,3,4
7907,0,1,2,3,4
7922,0,1,2,3,4
7924,0,1,2,3,4
7931,0,1,2,3,4
7934,0,1,2,3,4
7941,0,1,2,3,4
7950,0,1,2,3,4
7955,0,1,2,3,4
7956,0,1,2,3,4
7968,0,1,2,3,4
7969,0,1,2,3,4
7989,0,1,2,3,4
799,0,1,2,3,4
7996,0,1,2,3,4
801,0,1,2,3,4
8022,0,1,2,3,4
8040,0,1,2,3,4
8083,0,1,2,3,4
8089,0,1,2,3,4
8092,0,1,2,3,4
8111,0,1,2,3,4
8128,0,1,2,3,4
8134,0,1,2,3,4
8135,0,1,2,3,4
8137,0,1,2,3,4
8139,0,1,2,3,4
8144,0,1,2,3,4
8178,0,1,2,3,4
820,0,1,2,3,4
8206,0,1,2,3,4
8221,0,1,2,3,4
8222,0,1,2,3,4
8230,0,1,2,3,4
8231,0,1,2,3,4
8251,0,1,2,3,4
8268,0,1,2,3,4
8280,0,1,2,3,4
8287,0,1,2,3,4
8295,0,1,2,3,4
8302,0,1,2,3,4
831,0,1,2,3,4
8310,0,1,2,3,4
8314,0,1,2,3,4
8346,0,1,2,3,4
8351,0,1,2,3,4
8368,0,1,2,3,4
8371,0,1,2,3,4
8376,0,1,2,3,4
8377,0,1,2,3,4
8386,0,1,2,3,4
8388,0,1,2,3,4
8403,0,1,2,3,4
8415,0,1,2,3,4
8420,0,1,2,3,4
8422,0,1,2,3,4
844,0,1,2,3,4
8448,0,1,2,3,4
8450,0,1,2,3,4
8458,0,1,2,3,4
8460,0,1,2,3,4
8467,0,1,2,3,4
8472,0,1,2,3,4
8473,0,1,2,3,4
8476,0,1,2,3,4
849,0,1,2,3,4
8506,0,1,2,3,4
8513,0,1,2,3,4
8515,0,1,2,3,4
8529,0,1,2,3,4
853,0,1,2,3,4
8568,0,1,2,3,4
8573,0,1,2,3,4
8592,0,1,2,3,4
8593,0,1,2,3,4
8595,0,1,2,3,4
8603,0,1,2,3,4
8604,0,1,2,3,4
8614,0,1,2,3,4
8624,0,1,2,3,4
8626,0,1,2,3,4
863,0,1,2,3,4
8630,0,1,2,3,4
8633,0,1,2,3,4
8636,0,1,2,3,4
8642,0,1,2,3,4
8652,0,1,2,3,4
8664,0,1,2,3,4
8682,0,1,2,3,4
8687,0,1,2,3,4
8699,0,1,2,3,4
871,0,1,2,3,4
8734,0,1,2,3,4
8750,0,1,2,3,4
8782,0,1,2,3,4
8802,0,1,2,3,4
8859,0,1,2,3,4
8872,0,1,2,3,4
8875,0,1,2,3,4
8880,0,1,2,3,4
890,0,1,2,3,4
8900,0,1,2,3,4
8902,0,1,2,3,4
891,0,1,2,3,4
8918,0,1,2,3,4
8926,0,1,2,3,4
8928,0,1,2,3,4
893,0,1,2,3,4
8932,0,1,2,3,4
8935,0,1,2,3,4
8964,0,1,2,3,4
8974,0,1,2,3,4
8975,0,1,2,3,4
8986,0,1,2,3,4
8992,0,1,2,3,4
8997,0,1,2,3,4
9019,0,1,2,3,4
9034,0,1,2,3,4
9040,0,1,2,3,4
9062,0,1,2,3,4
9077,0,1,2,3,4
9084,0,1,2,3,4
9100,0,1,2,3,4
9110,0,1,2,3,4
9137,0,1,2,3,4
9153,0,1,2,3,4
9155,0,1,2,3,4
9171,0,1,2,3,4
9179,0,1,2,3,4
9182,0,1,2,3,4
9188,0,1,2,3,4
9198,0,1,2,3,4
9205,0,1,2,3,4
921,0,1,2,3,4
9217,0,1,2,3,4
9224,0,1,2,3,4
923,0,1,2,3,4
9230,0,1,2,3,4
9244,0,1,2,3,4
9251,0,1,2,3,4
9278,0,1,2,3,4
928,0,1,2,3,4
9289,0,1,2,3,4
9292,0,1,2,3,4
9323,0,1,2,3,4
9329,0,1,2,3,4
9330,0,1,2,3,4
9334,0,1,2,3,4
9343,0,1,2,3,4
9349,0,1,2,3,4
9354,0,1,2,3,4
9370,0,1,2,3,4
9394,0,1,2,3,4
9397,0,1,2,3,4
9400,0,1,2,3,4
9405,0,1,2,3,4
9408,0,1,2,3,4
9419,0,1,2,3,4
9420,0,1,2,3,4
9421,0,1,2,3,4
9435,0,1,2,3,4
9458,0,1,2,3,4
9463,0,1,2,3,4
9470,0,1,2,3,4
9482,0,1,2,3,4
9489,0,1,2,3,4
9490,0,1,2,3,4
9510,0,1,2,3,4
9534,0,1,2,3,4
9544,0,1,2,3,4
9563,0,1,2,3,4
9576,0,1,2,3,4
9578,0,1,2,3,4
9591,0,1,2,3,4
9596,0,1,2,3,4
9605,0,1,2,3,4
9625,0,1,2,3,4
9643,0,1,2,3,4
9654,0,1,2,3,4
9658,0,1,2,3,4
9660,0,1,2,3,4
9662,0,1,2,3,4
9667,0,1,2,3,4
9674,0,1,2,3,4
968,0,1,2,3,4
9695,0,1,2,3,4
97,0,1,2,3,4
9715,0,1,2,3,4
9718,0,1,2,3,4
9721,0,1,2,3,4
977,0,1,2,3,4
9775,0,1,2,3,4
9777,0,1,2,3,4
979,0,1,2,3,4
9794,0,1,2,3,4
9821,0,1,2,3,4
9829,0,1,2,3,4
9835,0,1,2,3,4
9854,0,1,2,3,4
9858,0,1,2,3,4
9870,0,1,2,3,4
9878,0,1,2,3,4
9914,0,1,2,3,4
9939,0,1,2,3,4
9976,0,1,2,3,4
9978,0,1,2,3,4
1,0,1,2,3,4
10004,0,1,2,3,4
10017,0,1,2,3,4
10033,0,1,2,3,4
10046,0,1,2,3,4
10052,0,1,2,3,4
10060,0,1,2,3,4
10083,0,1,2,3,4
10095,0,1,2,3,4
10099,0,1,2,3,4
10117,0,1,2,3,4
10127,0,1,2,3,4
10148,0,1,2,3,4
10150,0,1,2,3,4
10176,0,1,2,3,4
10232,0,1,2,3,4
10234,0,1,2,3,4
10246,0,1,2,3,4
10248,0,1,2,3,4
10250,0,1,2,3,4
10269,0,1,2,3,4
1028,0,1,2,3,4
10280,0,1,2,3,4
10288,0,1,2,3,4
10290,0,1,2,3,4
10293,0,1,2,3,4
1030,0,1,2,3,4
10302,0,1,2,3,4
10305,0,1,2,3,4
10325,0,1,2,3,4
10351,0,1,2,3,4
10357,0,1,2,3,4
10364,0,1,2,3,4
1037,0,1,2,3,4
1039,0,1,2,3,4
10399,0,1,2,3,4
10408,0,1,2,3,4
10418,0,1,2,3,4
10421,0,1,2,3,4
10423,0,1,2,3,4
10437,0,1,2,3,4
1046,0,1,2,3,4
10463,0,1,2,3,4
10464,0,1,2,3,4
10471,0,1,2,3,4
10487,0,1,2,3,4
10514,0,1,2,3,4
10522,0,1,2,3,4
10523,0,1,2,3,4
10538,0,1,2,3,4
10544,0,1,2,3,4
10576,0,1,2,3,4
10586,0,1,2,3,4
10588,0,1,2,3,4
10600,0,1,2,3,4
10604,0,1,2,3,4
10608,0,1,2,3,4
10615,0,1,2,3,4
10616,0,1,2,3,4
10635,0,1,2,3,4
10646,0,1,2,3,4
10679,0,1,2,3,4
10704,0,1,2,3,4
10717,0,1,2,3,4
10733,0,1,2,3,4
10734,0,1,2,3,4
10765,0,1,2,3,4
10769,0,1,2,3,4
10780,0,1,2,3,4
10831,0,1,2,3,4
10841,0,1,2,3,4
1085,0,1,2,3,4
1086,0,1,2,3,4
10860,0,1,2,3,4
10869,0,1,2,3,4
10870,0,1,2,3,4
10871,0,1,2,3,4
10894,0,1,2,3,4
10936,0,1,2,3,4
1094,0,1,2,3,4
10944,0,1,2,3,4
10948,0,1,2,3,4
10953,0,1,2,3,4
10969,0,1,2,3,4
10976,0,1,2,3,4
10981,0,1,2,3,4
10991,0,1,2,3,4
11015,0,1,2,3,4
11049,0,1,2,3,4
11089,0,1,2,3,4
11096,0,1,2,3,4
1112,0,1,2,3,4
11128,0,1,2,3,4
11133,0,1,2,3,4
11134,0,1,2,3,4
11137,0,1,2,3,4
11141,0,1,2,3,4
1115,0,1,2,3,4
11150,0,1,2,3,4
11153,0,1,2,3,4
11156,0,1,2,3,4
11165,0,1,2,3,4
11166,0,1,2,3,4
11175,0,1,2,3,4
11179,0,1,2,3,4
11193,0,1,2,3,4
11199,0,1,2,3,4
11209,0,1,2,3,4
11231,0,1,2,3,4
1124,0,1,2,3,4
11245,0,1,2,3,4
11276,0,1,2,3,4
11285,0,1,2,3,4
11287,0,1,2,3,4
11295,0,1,2,3,4
11301,0,1,2,3,4
11305,0,1,2,3,4
11307,0,1,2,3,4
11315,0,1,2,3,4
11320,0,1,2,3,4
11326,0,1,2,3,4
11330,0,1,2,3,4
11339,0,1,2,3,4
11362,0,1,2,3,4
11363,0,1,2,3,4
11369,0,1,2,3,4
11376,0,1,2,3,4
11379,0,1,2,3,4
1138,0,1,2,3,4
11400,0,1,2,3,4
1141,0,1,2,3,4
11411,0,1,2,3,4
11426,0,1,2,3,4
1143,0,1,2,3,4
11431,0,1,2,3,4
11443,0,1,2,3,4
11449,0,1,2,3,4
11452,0,1,2,3,4
11462,0,1,2,3,4
11495,0,1,2,3,4
1150,0,1,2,3,4
11554,0,1,2,3,4
11569,0,1,2,3,4
11570,0,1,2,3,4
11586,0,1,2,3,4
1160,0,1,2,3,4
11624,0,1,2,3,4
11631,0,1,2,3,4
11632,0,1,2,3,4
11637,0,1,2,3,4
11648,0,1,2,3,4
11655,0,1,2,3,4
11659,0,1,2,3,4
11673,0,1,2,3,4
11674,0,1,2,3,4
11681,0,1,2,3,4
11686,0,1,2,3,4
1169,0,1,2,3,4
11698,0,1,2,3,4
11706,0,1,2,3,4
11722,0,1,2,3,4
11749,0,1,2,3,4
11757,0,1,2,3,4
11760,0,1,2,3,4
11765,0,1,2,3,4
11782,0,1,2,3,4
11804,0,1,2,3,4
11810,0,1,2,3,4
11821,0,1,2,3,4
11841,0,1,2,3,4
11863,0,1,2,3,4
11870,0,1,2,3,4
11884,0,1,2,3,4
11892,0,1,2,3,4
11913,0,1,2,3,4
11949,0,1,2,3,4
11965,0,1,2,3,4
11969,0,1,2,3,4
11975,0,1,2,3,4
11980,0,1,2,3,4
11991,0,1,2,3,4
11999,0,1,2,3,4
1201,0,1,2,3,4
12010,0,1,2,3,4
1203,0,1,2,3,4
12034,0,1,2,3,4
12035,0,1,2,3,4
12042,0,1,2,3,4
12048,0,1,2,3,4
12055,0,1,2,3,4
12060,0,1,2,3,4
12073,0,1,2,3,4
12076,0,1,2,3,4
12087,0,1,2,3,4
12088,0,1,2,3,4
12098,0,1,2,3,4
12108,0,1,2,3,4
12110,0,1,2,3,4
12113,0,1,2,3,4
12119,0,1,2,3,4
12120,0,1,2,3,4
12135,0,1,2,3,4
12144,0,1,2,3,4
12158,0,1,2,3,4
12163,0,1,2,3,4
12197,0,1,2,3,4
12203,0,1,2,3,4
12236,0,1,2,3,4
12249,0,1,2,3,4
12274,0,1,2,3,4
12283,0,1,2,3,4
12304,0,1,2,3,4
12313,0,1,2,3,4
12325,0,1,2,3,4
12336,0,1,2,3,4
12343,0,1,2,3,4
12348,0,1,2,3,4
12349,0,1,2,3,4
12359,0,1,2,3,4
12364,0,1,2,3,4
12379,0,1,2,3,4
12389,0,1,2,3,4
12400,0,1,2,3,4
12413,0,1,2,3,4
12423,0,1,2,3,4
12433,0,1,2,3,4
12455,0,1,2,3,4
12464,0,1,2,3,4
12473,0,1,2,3,4
12476,0,1,2,3,4
12482,0,1,2,3,4
12489,0,1,2,3,4
1250,0,1,2,3,4
12500,0,1,2,3,4
1251,0,1,2,3,4
12515,0,1,2,3,4
12525,0,1,2,3,4
12576,0,1,2,3,4
12596,0,1,2,3,4
12597,0,1,2,3,4
12609,0,1,2,3,4
12623,0,1,2,3,4
12631,0,1,2,3,4
12646,0,1,2,3,4
12652,0,1,2,3,4
12655,0,1,2,3,4
1266,0,1,2,3,4
12664,0,1,2,3,4
12675,0,1,2,3,4
12693,0,1,2,3,4
12706,0,1,2,3,4
12724,0,1,2,3,4
12726,0,1,2,3,4
12732,0,1,2,3,4
1274,0,1,2,3,4
12743,0,1,2,3,4
12753,0,1,2,3,4
12769,0,1,2,3,4
12797,0,1,2,3,4
12819,0,1,2,3,4
12833,0,1,2,3,4
12845,0,1,2,3,4
12868,0,1,2,3,4
12869,0,1,2,3,4
12876,0,1,2,3,4
12886,0,1,2,3,4
12889,0,1,2,3,4
12897,0,1,2,3,4
12899,0,1,2,3,4
12909,0,1,2,3,4
12913,0,1,2,3,4
1292,0,1,2,3,4
12939,0,1,2,3,4
1294,0,1,2,3,4
12941,0,1,2,3,4
12956,0,1,2,3,4
1296,0,1,2,3,4
13004,0,1,2,3,4
13006,0,1,2,3,4
1302,0,1,2,3,4
13038,0,1,2,3,4
13043,0,1,2,3,4
13078,0,1,2,3,4
13087,0,1,2,3,4
13092,0,1,2,3,4
13106,0,1,2,3,4
13115,0,1,2,3,4
13118,0,1,2,3,4
13127,0,1,2,3,4
13134,0,1,2,3,4
13136,0,1,2,3,4
13149,0,1,2,3,4
13156,0,1,2,3,4
13161,0,1,2,3,4
13162,0,1,2,3,4
13164,0,1,2,3,4
13169,0,1,2,3,4
13181,0,1,2,3,4
13182,0,1,2,3,4
13199,0,1,2,3,4
13202,0,1,2,3,4
13215,0,1,2,3,4
13217,0,1,2,3,4
13233,0,1,2,3,4
13238,0,1,2,3,4
1326,0,1,2,3,4
13269,0,1,2,3,4
1327,0,1,2,3,4
13272,0,1,2,3,4
13282,0,1,2,3,4
13293,0,1,2,3,4
13297,0,1,2,3,4
13307,0,1,2,3,4
13331,0,1,2,3,4
13334,0,1,2,3,4
13335,0,1,2,3,4
1334,0,1,2,3,4
13350,0,1,2,3,4
13367,0,1,2,3,4
13388,0,1,2,3,4
13390,0,1,2,3,4
13394,0,1,2,3,4
13395,0,1,2,3,4
1341,0,1,2,3,4
13426,0,1,2,3,4
13438,0,1,2,3,4
13447,0,1,2,3,4
13450,0,1,2,3,4
13470,0,1,2,3,4
13475,0,1,2,3,4
13487,0,1,2,3,4
13496,0,1,2,3,4
13524,0,1,2,3,4
13527,0,1,2,3,4
13529,0,1,2,3,4
13543,0,1,2,3,4
13545,0,1,2,3,4
13552,0,1,2,3,4
13559,0,1,2,3,4
13571,0,1,2,3,4
13594,0,1,2,3,4
13595,0,1,2,3,4
13610,0,1,2,3,4
13614,0,1,2,3,4
13617,0,1,2,3,4
13622,0,1,2,3,4
13625,0,1,2,3,4
13632,0,1,2,3,4
13645,0,1,2,3,4
13652,0,1,2,3,4
13671,0,1,2,3,4
13684,0,1,2,3,4
13690,0,1,2,3,4
13694,0,1,2,3,4
1370,0,1,2,3,4
13724,0,1,2,3,4
13736,0,1,2,3,4
13750,0,1,2,3,4
13753,0,1,2,3,4
13756,0,1,2,3,4
13780,0,1,2,3,4
13792,0,1,2,3,4
13810,0,1,2,3,4
13811,0,1,2,3,4
13826,0,1,2,3,4
13838,0,1,2,3,4
13862,0,1,2,3,4
13864,0,1,2,3,4
13880,0,1,2,3,4
13883,0,1,2,3,4
13927,0,1,2,3,4
13931,0,1,2,3,4
13934,0,1,2,3,4
13950,0,1,2,3,4
13960,0,1,2,3,4
13992,0,1,2,3,4
13994,0,1,2,3,4
14032,0,1,2,3,4
1405,0,1,2,3,4
14072,0,1,2,3,4
14073,0,1,2,3,4
14074,0,1,2,3,4
14089,0,1,2,3,4
14097,0,1,2,3,4
14129,0,1,2,3,4
1414,0,1,2,3,4
14160,0,1,2,3,4
14168,0,1,2,3,4
14182,0,1,2,3,4
14192,0,1,2,3,4
14198,0,1,2,3,4
14202,0,1,2,3,4
1421,0,1,2,3,4
14212,0,1,2,3,4
14217,0,1,2,3,4
14225,0,1,2,3,4
14242,0,1,2,3,4
14277,0,1,2,3,4
14324,0,1,2,3,4
14329,0,1,2,3,4
14345,0,1,2,3,4
14351,0,1,2,3,4
14353,0,1,2,3,4
14364,0,1,2,3,4
14373,0,1,2,3,4
14382,0,1,2,3,4
14394,0,1,2,3,4
14397,0,1,2,3,4
14404,0,1,2,3,4
14447,0,1,2,3,4
14456,0,1,2,3,4
14469,0,1,2,3,4
1448,0,1,2,3,4
14496,0,1,2,3,4
14506,0,1,2,3,4
1451,0,1,2,3,4
14511,0,1,2,3,4
14522,0,1,2,3,4
14526,0,1,2,3,4
14550,0,1,2,3,4
1456,0,1,2,3,4
14570,0,1,2,3,4
14573,0,1,2,3,4
14575,0,1,2,3,4
14590,0,1,2,3,4
14603,0,1,2,3,4
14606,0,1,2,3,4
14622,0,1,2,3,4
1464,0,1,2,3,4
14652,0,1,2,3,4
14660,0,1,2,3,4
14666,0,1,2,3,4
14673,0,1,2,3,4
14689,0,1,2,3,4
1471,0,1,2,3,4
14714,0,1,2,3,4
14753,0,1,2,3,4
14756,0,1,2,3,4
14772,0,1,2,3,4
14808,0,1,2,3,4
1481,0,1,2,3,4
14822,0,1,2,3,4
1483,0,1,2,3,4
14840,0,1,2,3,4
14851,0,1,2,3,4
1486,0,1,2,3,4
14882,0,1,2,3,4
14925,0,1,2,3,4
14930,0,1,2,3,4
14954,0,1,2,3,4
14963,0,1,2,3,4
14965,0,1,2,3,4
14985,0,1,2,3,4
14987,0,1,2,3,4
14995,0,1,2,3,4
15008,0,1,2,3,4
15010,0,1,2,3,4
15023,0,1,2,3,4
15027,0,1,2,3,4
1503,0,1,2,3,4
15030,0,1,2,3,4
15035,0,1,2,3,4
15037,0,1,2,3,4
1508,0,1,2,3,4
15081,0,1,2,3,4
15091,0,1,2,3,4
15109,0,1,2,3,4
15111,0,1,2,3,4
15138,0,1,2,3,4
15165,0,1,2,3,4
1517,0,1,2,3,4
15193,0,1,2,3,4
15201,0,1,2,3,4
15202,0,1,2,3,4
15210,0,1,2,3,4
15222,0,1,2,3,4
15237,0,1,2,3,4
15243,0,1,2,3,4
15244,0,1,2,3,4
15246,0,1,2,3,4
15248,0,1,2,3,4
1525,0,1,2,3,4
15256,0,1,2,3,4
15273,0,1,2,3,4
15293,0,1,2,3,4
15309,0,1,2,3,4
15336,0,1,2,3,4
15342,0,1,2,3,4
15345,0,1,2,3,4
15346,0,1,2,3,4
15375,0,1,2,3,4
15402,0,1,2,3,4
1541,0,1,2,3,4
15412,0,1,2,3,4
15444,0,1,2,3,4
15449,0,1,2,3,4
15454,0,1,2,3,4
15466,0,1,2,3,4
15475,0,1,2,3,4
15495,0,1,2,3,4
15507,0,1,2,3,4
1551,0,1,2,3,4
15521,0,1,2,3,4
15524,0,1,2,3,4
15525,0,1,2,3,4
15547,0,1,2,3,4
15598,0,1,2,3,4
15605,0,1,2,3,4
15610,0,1,2,3,4
15623,0,1,2,3,4
15630,0,1,2,3,4
15641,0,1,2,3,4
15652,0,1,2,3,4
15661,0,1,2,3,4
15673,0,1,2,3,4
15686,0,1,2,3,4
15701,0,1,2,3,4
15712,0,1,2,3,4
15715,0,1,2,3,4
15734,0,1,2,3,4
15771,0,1,2,3,4
15778,0,1,2,3,4
15794,0,1,2,3,4
15806,0,1,2,3,4
15835,0,1,2,3,4
15841,0,1,2,3,4
15842,0,1,2,3,4
15845,0,1,2,3,4
1587,0,1,2,3,4
15898,0,1,2,3,4
15902,0,1,2,3,4
15909,0,1,2,3,4
15915,0,1,2,3,4
15928,0,1,2,3,4
15939,0,1,2,3,4
1595,0,1,2,3,4
15997,0,1,2,3,4
16,0,1,2,3,4
16010,0,1,2,3,4
16030,0,1,2,3,4
16035,0,1,2,3,4
16048,0,1,2,3,4
16057,0,1,2,3,4
16068,0,1,2,3,4
1607,0,1,2,3,4
16084,0,1,2,3,4
16094,0,1,2,3,4
1610,0,1,2,3,4
16107,0,1,2,3,4
1645,0,1,2,3,4
166,0,1,2,3,4
1675,0,1,2,3,4
1678,0,1,2,3,4
1679,0,1,2,3,4
1689,0,1,2,3,4
1692,0,1,2,3,4
1732,0,1,2,3,4
1744,0,1,2,3,4
1747,0,1,2,3,4
175,0,1,2,3,4
1751,0,1,2,3,4
1769,0,1,2,3,4
1806,0,1,2,3,4
1839,0,1,2,3,4
1840,0,1,2,3,4
187,0,1,2,3,4
1884,0,1,2,3,4
1893,0,1,2,3,4
1894,0,1,2,3,4
1897,0,1,2,3,4
19,0,1,2,3,4
1900,0,1,2,3,4
1903,0,1,2,3,4
1917,0,1,2,3,4
1924,0,1,2,3,4
1955,0,1,2,3,4
1996,0,1,2,3,4
2002,0,1,2,3,4
2026,0,1,2,3,4
2036,0,1,2,3,4
2070,0,1,2,3,4
2087,0,1,2,3,4
2088,0,1,2,3,4
211,0,1,2,3,4
2114,0,1,2,3,4
2115,0,1,2,3,4
2130,0,1,2,3,4
2147,0,1,2,3,4
217,0,1,2,3,4
2170,0,1,2,3,4
2187,0,1,2,3,4
2190,0,1,2,3,4
2202,0,1,2,3,4
2209,0,1,2,3,4
2214,0,1,2,3,4
2215,0,1,2,3,4
2216,0,1,2,3,4
2249,0,1,2,3,4
2252,0,1,2,3,4
2267,0,1,2,3,4
2304,0,1,2,3,4
2315,0,1,2,3,4
2341,0,1,2,3,4
2346,0,1,2,3,4
2361,0,1,2,3,4
2362,0,1,2,3,4
2367,0,1,2,3,4
2369,0,1,2,3,4
2378,0,1,2,3,4
2381,0,1,2,3,4
2392,0,1,2,3,4
2399,0,1,2,3,4
241,0,1,2,3,4
2410,0,1,2,3,4
2420,0,1,2,3,4
2423,0,1,2,3,4
2434,0,1,2,3,4
2436,0,1,2,3,4
2440,0,1,2,3,4
2465,0,1,2,3,4
248,0,1,2,3,4
2502,0,1,2,3,4
2507,0,1,2,3,4
2515,0,1,2,3,4
2541,0,1,2,3,4
2542,0,1,2,3,4
2555,0,1,2,3,4
2589,0,1,2,3,4
2592,0,1,2,3,4
260,0,1,2,3,4
2614,0,1,2,3,4
2616,0,1,2,3,4
2631,0,1,2,3,4
2635,0,1,2,3,4
2639,0,1,2,3,4
2640,0,1,2,3,4
2642,0,1,2,3,4
2651,0,1,2,3,4
2673,0,1,2,3,4
2687,0,1,2,3,4
269,0,1,2,3,4
2697,0,1,2,3,4
2702,0,1,2,3,4
2715,0,1,2,3,4
2723,0,1,2,3,4
2730,0,1,2,3,4
2733,0,1,2,3,4
2745,0,1,2,3,4
2746,0,1,2,3,4
2752,0,1,2,3,4
2754,0,1,2,3,4
276,0,1,2,3,4
2784,0,1,2,3,4
2806,0,1,2,3,4
2816,0,1,2,3,4
2837,0,1,2,3,4
2856,0,1,2,3,4
2861,0,1,2,3,4
2872,0,1,2,3,4
2873,0,1,2,3,4
2915,0,1,2,3,4
2919,0,1,2,3,4
2928,0,1,2,3,4
2939,0,1,2,3,4
2948,0,1,2,3,4
2959,0,1,2,3,4
296,0,1,2,3,4
2974,0,1,2,3,4
2985,0,1,2,3,4
2992,0,1,2,3,4
30,0,1,2,3,4
3019,0,1,2,3,4
3024,0,1,2,3,4
3032,0,1,2,3,4
304,0,1,2,3,4
3059,0,1,2,3,4
307,0,1,2,3,4
3080,0,1,2,3,4
3084,0,1,2,3,4
3092,0,1,2,3,4
3108,0,1,2,3,4
3115,0,1,2,3,4
3121,0,1,2,3,4
3133,0,1,2,3,4
3139,0,1,2,3,4
3162,0,1,2,3,4
3173,0,1,2,3,4
318,0,1,2,3,4
3193,0,1,2,3,4
3197,0,1,2,3,4
3213,0,1,2,3,4
3231,0,1,2,3,4
3238,0,1,2,3,4
3243,0,1,2,3,4
3251,0,1,2,3,4
3265,0,1,2,3,4
3288,0,1,2,3,4
3301,0,1,2,3,4
3309,0,1,2,3,4
3310,0,1,2,3,4
3338,0,1,2,3,4
3364,0,1,2,3,4
3367,0,1,2,3,4
3381,0,1,2,3,4
3396,0,1,2,3,4
3412,0,1,2,3,4
3413,0,1,2,3,4
3414,0,1,2,3,4
3416,0,1,2,3,4
3418,0,1,2,3,4
342,0,1,2,3,4
3422,0,1,2,3,4
3424,0,1,2,3,4
3436,0,1,2,3,4
3438,0,1,2,3,4
3448,0,1,2,3,4
3459,0,1,2,3,4
3460,0,1,2,3,4
3464,0,1,2,3,4
3469,0,1,2,3,4
3471,0,1,2,3,4
3473,0,1,2,3,4
3479,0,1,2,3,4
348,0,1,2,3,4
3484,0,1,2,3,4
3495,0,1,2,3,4
3521,0,1,2,3,4
3524,0,1,2,3,4
3534,0,1,2,3,4
3548,0,1,2,3,4
3559,0,1,2,3,4
3585,0,1,2,3,4
3589,0,1,2,3,4
3590,0,1,2,3,4
3591,0,1,2,3,4
36,0,1,2,3,4
3608,0,1,2,3,4
3613,0,1,2,3,4
3617,0,1,2,3,4
3638,0,1,2,3,4
3643,0,1,2,3,4
3645,0,1,2,3,4
3650,0,1,2,3,4
3660,0,1,2,3,4
3662,0,1,2,3,4
3664,0,1,2,3,4
3681,0,1,2,3,4
3683,0,1,2,3,4
3700,0,1,2,3,4
3715,0,1,2,3,4
3759,0,1,2,3,4
376,0,1,2,3,4
3772,0,1,2,3,4
3780,0,1,2,3,4
3784,0,1,2,3,4
3794,0,1,2,3,4
3796,0,1,2,3,4
3797,0,1,2,3,4
381,0,1,2,3,4
3815,0,1,2,3,4
3817,0,1,2,3,4
3818,0,1,2,3,4
3821,0,1,2,3,4
3824,0,1,2,3,4
3828,0,1,2,3,4
3831,0,1,2,3,4
3839,0,1,2,3,4
3847,0,1,2,3,4
3857,0,1,2,3,4
3879,0,1,2,3,4
390,0,1,2,3,4
3900,0,1,2,3,4
3912,0,1,2,3,4
3913,0,1,2,3,4
392,0,1,2,3,4
3923,0,1,2,3,4
3932,0,1,2,3,4
3965,0,1,2,3,4
3966,0,1,2,3,4
3967,0,1,2,3,4
3977,0,1,2,3,4
3979,0,1,2,3,4
3989,0,1,2,3,4
399,0,1,2,3,4
3998,0,1,2,3,4
4000,0,1,2,3,4
4007,0,1,2,3,4
4014,0,1,2,3,4
4028,0,1,2,3,4
4047,0,1,2,3,4
4056,0,1,2,3,4
4086,0,1,2,3,4
4096,0,1,2,3,4
4097,0,1,2,3,4
4148,0,1,2,3,4
4166,0,1,2,3,4
417,0,1,2,3,4
4171,0,1,2,3,4
4172,0,1,2,3,4
4178,0,1,2,3,4
4182,0,1,2,3,4
4185,0,1,2,3,4
419,0,1,2,3,4
4192,0,1,2,3,4
4201,0,1,2,3,4
4204,0,1,2,3,4
4223,0,1,2,3,4
4226,0,1,2,3,4
4268,0,1,2,3,4
4271,0,1,2,3,4
4293,0,1,2,3,4
4304,0,1,2,3,4
4309,0,1,2,3,4
4310,0,1,2,3,4
433,0,1,2,3,4
4339,0,1,2,3,4
4356,0,1,2,3,4
4383,0,1,2,3,4
4385,0,1,2,3,4
4390,0,1,2,3,4
4400,0,1,2,3,4
4408,0,1,2,3,4
4418,0,1,2,3,4
4426,0,1,2,3,4
4430,0,1,2,3,4
4442,0,1,2,3,4
4454,0,1,2,3,4
4455,0,1,2,3,4
4467,0,1,2,3,4
4474,0,1,2,3,4
4489,0,1,2,3,4
4497,0,1,2,3,4
4500,0,1,2,3,4
4514,0,1,2,3,4
4515,0,1,2,3,4
4517,0,1,2,3,4
4526,0,1,2,3,4
4547,0,1,2,3,4
4550,0,1,2,3,4
4565,0,1,2,3,4
4575,0,1,2,3,4
4591,0,1,2,3,4
4612,0,1,2,3,4
4622,0,1,2,3,4
4627,0,1,2,3,4
4631,0,1,2,3,4
4636,0,1,2,3,4
4663,0,1,2,3,4
4699,0,1,2,3,4
4700,0,1,2,3,4
4701,0,1,2,3,4
4715,0,1,2,3,4
4726,0,1,2,3,4
473,0,1,2,3,4
4745,0,1,2,3,4
4756,0,1,2,3,4
4757,0,1,2,3,4
4779,0,1,2,3,4
4789,0,1,2,3,4
4799,0,1,2,3,4
481,0,1,2,3,4
4814,0,1,2,3,4
4844,0,1,2,3,4
4850,0,1,2,3,4
4858,0,1,2,3,4
4865,0,1,2,3,4
4869,0,1,2,3,4
4884,0,1,2,3,4
4888,0,1,2,3,4
4919,0,1,2,3,4
492,0,1,2,3,4
4929,0,1,2,3,4
4937,0,1,2,3,4
4963,0,1,2,3,4
4968,0,1,2,3,4
497,0,1,2,3,4
4977,0,1,2,3,4
4994,0,1,2,3,4
4996,0,1,2,3,4
5010,0,1,2,3,4
5021,0,1,2,3,4
5027,0,1,2,3,4
504,0,1,2,3,4
5041,0,1,2,3,4
5049,0,1,2,3,4
5083,0,1,2,3,4
5084,0,1,2,3,4
5095,0,1,2,3,4
5109,0,1,2,3,4
5120,0,1,2,3,4
5126,0,1,2,3,4
513,0,1,2,3,4
5130,0,1,2,3,4
5150,0,1,2,3,4
5169,0,1,2,3,4
5173,0,1,2,3,4
5187,0,1,2,3,4
5199,0,1,2,3,4
5220,0,1,2,3,4
5267,0,1,2,3,4
5279,0,1,2,3,4
5288,0,1,2,3,4
5295,0,1,2,3,4
5310,0,1,2,3,4
5318,0,1,2,3,4
5324,0,1,2,3,4
533,0,1,2,3,4
5337,0,1,2,3,4
5341,0,1,2,3,4
5362,0,1,2,3,4
538,0,1,2,3,4
5383,0,1,2,3,4
5409,0,1,2,3,4
5412,0,1,2,3,4
5414,0,1,2,3,4
5418,0,1,2,3,4
5430,0,1,2,3,4
5432,0,1,2,3,4
5435,0,1,2,3,4
5452,0,1,2,3,4
5461,0,1,2,3,4
5465,0,1,2,3,4
5486,0,1,2,3,4
5489,0,1,2,3,4
5498,0,1,2,3,4
5503,0,1,2,3,4
5522,0,1,2,3,4
5534,0,1,2,3,4
556,0,1,2,3,4
5562,0,1,2,3,4
5571,0,1,2,3,4
5588,0,1,2,3,4
56,0,1,2,3,4
5604,0,1,2,3,4
5605,0,1,2,3,4
5631,0,1,2,3,4
5632,0,1,2,3,4
5656,0,1,2,3,4
5657,0,1,2,3,4
5663,0,1,2,3,4
5681,0,1,2,3,4
5696,0,1,2,3,4
5712,0,1,2,3,4
5729,0,1,2,3,4
5753,0,1,2,3,4
576,0,1,2,3,4
5773,0,1,2,3,4
5789,0,1,2,3,4
5794,0,1,2,3,4
58,0,1,2,3,4
580,0,1,2,3,4
5838,0,1,2,3,4
5841,0,1,2,3,4
5851,0,1,2,3,4
5859,0,1,2,3,4
5868,0,1,2,3,4
5870,0,1,2,3,4
5878,0,1,2,3,4
5880,0,1,2,3,4
5894,0,1,2,3,4
5897,0,1,2,3,4
5900,0,1,2,3,4
5908,0,1,2,3,4
592,0,1,2,3,4
5926,0,1,2,3,4
593,0,1,2,3,4
5931,0,1,2,3,4
594,0,1,2,3,4
5942,0,1,2,3,4
5968,0,1,2,3,4
6,0,1,2,3,4
600,0,1,2,3,4
6010,0,1,2,3,4
6043,0,1,2,3,4
6048,0,1,2,3,4
6053,0,1,2,3,4
6068,0,1,2,3,4
6094,0,1,2,3,4
6133,0,1,2,3,4
6179,0,1,2,3,4
6191,0,1,2,3,4
62,0,1,2,3,4
6249,0,1,2,3,4
6252,0,1,2,3,4
6266,0,1,2,3,4
6271,0,1,2,3,4
6293,0,1,2,3,4
63,0,1,2,3,4
6307,0,1,2,3,4
6352,0,1,2,3,4
6362,0,1,2,3,4
6386,0,1,2,3,4
6392,0,1,2,3,4
6393,0,1,2,3,4
6395,0,1,2,3,4
6401,0,1,2,3,4
6418,0,1,2,3,4
6427,0,1,2,3,4
6433,0,1,2,3,4
6442,0,1,2,3,4
6448,0,1,2,3,4
645,0,1,2,3,4
6465,0,1,2,3,4
6471,0,1,2,3,4
6474,0,1,2,3,4
6484,0,1,2,3,4
6491,0,1,2,3,4
6501,0,1,2,3,4
651,0,1,2,3,4
6512,0,1,2,3,4
6521,0,1,2,3,4
6531,0,1,2,3,4
6540,0,1,2,3,4
6554,0,1,2,3,4
6557,0,1,2,3,4
6604,0,1,2,3,4
6619,0,1,2,3,4
6644,0,1,2,3,4
6655,0,1,2,3,4
6670,0,1,2,3,4
669,0,1,2,3,4
671,0,1,2,3,4
6718,0,1,2,3,4
6749,0,1,2,3,4
6755,0,1,2,3,4
6759,0,1,2,3,4
6763,0,1,2,3,4
6781,0,1,2,3,4
6792,0,1,2,3,4
6812,0,1,2,3,4
6813,0,1,2,3,4
6822,0,1,2,3,4
6831,0,1,2,3,4
6844,0,1,2,3,4
6848,0,1,2,3,4
6854,0,1,2,3,4
6873,0,1,2,3,4
6883,0,1,2,3,4
6886,0,1,2,3,4
6912,0,1,2,3,4
6916,0,1,2,3,4
6926,0,1,2,3,4
6954,0,1,2,3,4
698,0,1,2,3,4
6988,0,1,2,3,4
7003,0,1,2,3,4
7010,0,1,2,3,4
7036,0,1,2,3,4
7077,0,1,2,3,4
7080,0,1,2,3,4
7090,0,1,2,3,4
7092,0,1,2,3,4
7146,0,1,2,3,4
7155,0,1,2,3,4
716,0,1,2,3,4
7171,0,1,2,3,4
7177,0,1,2,3,4
7178,0,1,2,3,4
7185,0,1,2,3,4
7196,0,1,2,3,4
720,0,1,2,3,4
7205,0,1,2,3,4
7214,0,1,2,3,4
7215,0,1,2,3,4
722,0,1,2,3,4
7222,0,1,2,3,4
7225,0,1,2,3,4
7235,0,1,2,3,4
7245,0,1,2,3,4
7254,0,1,2,3,4
7262,0,1,2,3,4
7275,0,1,2,3,4
7293,0,1,2,3,4
7295,0,1,2,3,4
7305,0,1,2,3,4
7311,0,1,2,3,4
7333,0,1,2,3,4
7336,0,1,2,3,4
7339,0,1,2,3,4
7343,0,1,2,3,4
7349,0,1,2,3,4
7368,0,1,2,3,4
7373,0,1,2,3,4
7382,0,1,2,3,4
7385,0,1,2,3,4
7396,0,1,2,3,4
7401,0,1,2,3,4
7422,0,1,2,3,4
7440,0,1,2,3,4
7475,0,1,2,3,4
7505,0,1,2,3,4
7507,0,1,2,3,4
7531,0,1,2,3,4
755,0,1,2,3,4
7552,0,1,2,3,4
756,0,1,2,3,4
757,0,1,2,3,4
7580,0,1,2,3,4
7609,0,1,2,3,4
7612,0,1,2,3,4
7640,0,1,2,3,4
7641,0,1,2,3,4
7645,0,1,2,3,4
7650,0,1,2,3,4
7654,0,1,2,3,4
7662,0,1,2,3,4
7679,0,1,2,3,4
7714,0,1,2,3,4
7725,0,1,2,3,4
775,0,1,2,3,4
7750,0,1,2,3,4
7760,0,1,2,3,4
7764,0,1,2,3,4
7766,0,1,2,3,4
777,0,1,2,3,4
7781,0,1,2,3,4
7805,0,1,2,3,4
7833,0,1,2,3,4
7835,0,1,2,3,4
7843,0,1,2,3,4
7846,0,1,2,3,4
786,0,1,2,3,4
7864,0,1,2,3,4
7887,0,1,2,3,4
7894,0,1,2,3,4
7915,0,1,2,3,4
7918,0,1,2,3,4
7937,0,1,2,3,4
794,0,1,2,3,4
7963,0,1,2,3,4
7975,0,1,2,3,4
7981,0,1,2,3,4
7997,0,1,2,3,4
7998,0,1,2,3,4
8032,0,1,2,3,4
8057,0,1,2,3,4
8067,0,1,2,3,4
8109,0,1,2,3,4
8124,0,1,2,3,4
8162,0,1,2,3,4
8173,0,1,2,3,4
8179,0,1,2,3,4
8182,0,1,2,3,4
8186,0,1,2,3,4
8193,0,1,2,3,4
8198,0,1,2,3,4
823,0,1,2,3,4
8232,0,1,2,3,4
8256,0,1,2,3,4
8266,0,1,2,3,4
8305,0,1,2,3,4
8307,0,1,2,3,4
8323,0,1,2,3,4
8335,0,1,2,3,4
8348,0,1,2,3,4
8350,0,1,2,3,4
8353,0,1,2,3,4
8356,0,1,2,3,4
836,0,1,2,3,4
8380,0,1,2,3,4
8390,0,1,2,3,4
8393,0,1,2,3,4
8397,0,1,2,3,4
840,0,1,2,3,4
8407,0,1,2,3,4
8412,0,1,2,3,4
8468,0,1,2,3,4
8469,0,1,2,3,4
8471,0,1,2,3,4
848,0,1,2,3,4
8499,0,1,2,3,4
85,0,1,2,3,4
8503,0,1,2,3,4
8542,0,1,2,3,4
8543,0,1,2,3,4
8545,0,1,2,3,4
8579,0,1,2,3,4
8584,0,1,2,3,4
8589,0,1,2,3,4
8596,0,1,2,3,4
8618,0,1,2,3,4
8627,0,1,2,3,4
8638,0,1,2,3,4
8654,0,1,2,3,4
8665,0,1,2,3,4
8673,0,1,2,3,4
8674,0,1,2,3,4
8688,0,1,2,3,4
8724,0,1,2,3,4
8731,0,1,2,3,4
8735,0,1,2,3,4
8766,0,1,2,3,4
8776,0,1,2,3,4
878,0,1,2,3,4
8781,0,1,2,3,4
8789,0,1,2,3,4
8801,0,1,2,3,4
8808,0,1,2,3,4
8811,0,1,2,3,4
8817,0,1,2,3,4
8821,0,1,2,3,4
8828,0,1,2,3,4
8832,0,1,2,3,4
884,0,1,2,3,4
8840,0,1,2,3,4
8851,0,1,2,3,4
8867,0,1,2,3,4
8905,0,1,2,3,4
8906,0,1,2,3,4
8915,0,1,2,3,4
8917,0,1,2,3,4
892,0,1,2,3,4
8924,0,1,2,3,4
8934,0,1,2,3,4
8940,0,1,2,3,4
8948,0,1,2,3,4
8951,0,1,2,3,4
8954,0,1,2,3,4
8960,0,1,2,3,4
8981,0,1,2,3,4
9002,0,1,2,3,4
9015,0,1,2,3,4
9027,0,1,2,3,4
9028,0,1,2,3,4
903,0,1,2,3,4
9038,0,1,2,3,4
9043,0,1,2,3,4
9051,0,1,2,3,4
9054,0,1,2,3,4
9055,0,1,2,3,4
907,0,1,2,3,4
9071,0,1,2,3,4
908,0,1,2,3,4
9103,0,1,2,3,4
911,0,1,2,3,4
9140,0,1,2,3,4
9156,0,1,2,3,4
9157,0,1,2,3,4
9160,0,1,2,3,4
9169,0,1,2,3,4
9175,0,1,2,3,4
92,0,1,2,3,4
9200,0,1,2,3,4
9233,0,1,2,3,4
9237,0,1,2,3,4
926,0,1,2,3,4
9272,0,1,2,3,4
9291,0,1,2,3,4
9296,0,1,2,3,4
9314,0,1,2,3,4
9346,0,1,2,3,4
9347,0,1,2,3,4
9391,0,1,2,3,4
9396,0,1,2,3,4
9404,0,1,2,3,4
9406,0,1,2,3,4
941,0,1,2,3,4
9415,0,1,2,3,4
9417,0,1,2,3,4
944,0,1,2,3,4
9485,0,1,2,3,4
9493,0,1,2,3,4
9496,0,1,2,3,4
9502,0,1,2,3,4
9518,0,1,2,3,4
9525,0,1,2,3,4
9547,0,1,2,3,4
9562,0,1,2,3,4
9564,0,1,2,3,4
9584,0,1,2,3,4
959,0,1,2,3,4
9627,0,1,2,3,4
9647,0,1,2,3,4
9675,0,1,2,3,4
9682,0,1,2,3,4
9684,0,1,2,3,4
9685,0,1,2,3,4
9694,0,1,2,3,4
9699,0,1,2,3,4
9717,0,1,2,3,4
9720,0,1,2,3,4
9725,0,1,2,3,4
9746,0,1,2,3,4
9750,0,1,2,3,4
9768,0,1,2,3,4
9785,0,1,2,3,4
9822,0,1,2,3,4
9832,0,1,2,3,4
9860,0,1,2,3,4
9886,0,1,2,3,4
989,0,1,2,3,4
99,0,1,2,3,4
9900,0,1,2,3,4
9908,0,1,2,3,4
9956,0,1,2,3,4
9960,0,1,2,3,4
9963,0,1,2,3,4
9973,0,1,2,3,4
9991,0,1,2,3,4
9993,0,1,2,3,4
10009,0,1,2,3,4
10035,0,1,2,3,4
10053,0,1,2,3,4
1006,0,1,2,3,4
10065,0,1,2,3,4
10071,0,1,2,3,4
10078,0,1,2,3,4
10159,0,1,2,3,4
10162,0,1,2,3,4
10177,0,1,2,3,4
10183,0,1,2,3,4
10208,0,1,2,3,4
10244,0,1,2,3,4
10253,0,1,2,3,4
10260,0,1,2,3,4
10312,0,1,2,3,4
10333,0,1,2,3,4
10338,0,1,2,3,4
10352,0,1,2,3,4
10372,0,1,2,3,4
10392,0,1,2,3,4
10483,0,1,2,3,4
1057,0,1,2,3,4
10593,0,1,2,3,4
10599,0,1,2,3,4
10613,0,1,2,3,4
10655,0,1,2,3,4
1072,0,1,2,3,4
10720,0,1,2,3,4
10751,0,1,2,3,4
10784,0,1,2,3,4
10797,0,1,2,3,4
10819,0,1,2,3,4
10849,0,1,2,3,4
10877,0,1,2,3,4
10888,0,1,2,3,4
10889,0,1,2,3,4
10890,0,1,2,3,4
10908,0,1,2,3,4
10925,0,1,2,3,4
10943,0,1,2,3,4
10985,0,1,2,3,4
10996,0,1,2,3,4
11000,0,1,2,3,4
11013,0,1,2,3,4
11085,0,1,2,3,4
11102,0,1,2,3,4
11109,0,1,2,3,4
11121,0,1,2,3,4
112,0,1,2,3,4
11215,0,1,2,3,4
11264,0,1,2,3,4
11269,0,1,2,3,4
11281,0,1,2,3,4
11323,0,1,2,3,4
11335,0,1,2,3,4
11388,0,1,2,3,4
11396,0,1,2,3,4
11412,0,1,2,3,4
11444,0,1,2,3,4
11531,0,1,2,3,4
1154,0,1,2,3,4
11611,0,1,2,3,4
11693,0,1,2,3,4
11696,0,1,2,3,4
11707,0,1,2,3,4
11725,0,1,2,3,4
11726,0,1,2,3,4
11787,0,1,2,3,4
11826,0,1,2,3,4
11831,0,1,2,3,4
11849,0,1,2,3,4
11882,0,1,2,3,4
11887,0,1,2,3,4
11921,0,1,2,3,4
11929,0,1,2,3,4
11956,0,1,2,3,4
11966,0,1,2,3,4
11973,0,1,2,3,4
11978,0,1,2,3,4
12054,0,1,2,3,4
12096,0,1,2,3,4
1210,0,1,2,3,4
12103,0,1,2,3,4
12109,0,1,2,3,4
12166,0,1,2,3,4
12178,0,1,2,3,4
12191,0,1,2,3,4
12246,0,1,2,3,4
12253,0,1,2,3,4
12259,0,1,2,3,4
12266,0,1,2,3,4
12295,0,1,2,3,4
12305,0,1,2,3,4
12374,0,1,2,3,4
12393,0,1,2,3,4
12404,0,1,2,3,4
12415,0,1,2,3,4
12435,0,1,2,3,4
12505,0,1,2,3,4
12510,0,1,2,3,4
12511,0,1,2,3,4
12528,0,1,2,3,4
12531,0,1,2,3,4
12537,0,1,2,3,4
12554,0,1,2,3,4
12590,0,1,2,3,4
1267,0,1,2,3,4
12684,0,1,2,3,4
12685,0,1,2,3,4
12692,0,1,2,3,4
12747,0,1,2,3,4
1279,0,1,2,3,4
1285,0,1,2,3,4
12872,0,1,2,3,4
12893,0,1,2,3,4
12896,0,1,2,3,4
12898,0,1,2,3,4
12902,0,1,2,3,4
12914,0,1,2,3,4
12936,0,1,2,3,4
12974,0,1,2,3,4
12983,0,1,2,3,4
1301,0,1,2,3,4
13010,0,1,2,3,4
13065,0,1,2,3,4
13067,0,1,2,3,4
13068,0,1,2,3,4
13104,0,1,2,3,4
13117,0,1,2,3,4
13152,0,1,2,3,4
13170,0,1,2,3,4
13172,0,1,2,3,4
13175,0,1,2,3,4
13185,0,1,2,3,4
13186,0,1,2,3,4
13203,0,1,2,3,4
13221,0,1,2,3,4
13229,0,1,2,3,4
13252,0,1,2,3,4
13261,0,1,2,3,4
13290,0,1,2,3,4
1330,0,1,2,3,4
13378,0,1,2,3,4
13422,0,1,2,3,4
13432,0,1,2,3,4
13433,0,1,2,3,4
13451,0,1,2,3,4
13500,0,1,2,3,4
13502,0,1,2,3,4
13539,0,1,2,3,4
13540,0,1,2,3,4
13551,0,1,2,3,4
13556,0,1,2,3,4
13557,0,1,2,3,4
13613,0,1,2,3,4
13651,0,1,2,3,4
13721,0,1,2,3,4
13731,0,1,2,3,4
13762,0,1,2,3,4
13768,0,1,2,3,4
13790,0,1,2,3,4
13872,0,1,2,3,4
13885,0,1,2,3,4
139,0,1,2,3,4
13913,0,1,2,3,4
13920,0,1,2,3,4
13938,0,1,2,3,4
13952,0,1,2,3,4
13982,0,1,2,3,4
13987,0,1,2,3,4
13989,0,1,2,3,4
14027,0,1,2,3,4
14061,0,1,2,3,4
14146,0,1,2,3,4
14159,0,1,2,3,4
14186,0,1,2,3,4
1422,0,1,2,3,4
14232,0,1,2,3,4
14257,0,1,2,3,4
14265,0,1,2,3,4
14279,0,1,2,3,4
1428,0,1,2,3,4
14283,0,1,2,3,4
14323,0,1,2,3,4
1434,0,1,2,3,4
14366,0,1,2,3,4
14398,0,1,2,3,4
14406,0,1,2,3,4
14419,0,1,2,3,4
14434,0,1,2,3,4
14486,0,1,2,3,4
14488,0,1,2,3,4
1449,0,1,2,3,4
14515,0,1,2,3,4
14536,0,1,2,3,4
14546,0,1,2,3,4
14567,0,1,2,3,4
1457,0,1,2,3,4
14585,0,1,2,3,4
14597,0,1,2,3,4
14664,0,1,2,3,4
14713,0,1,2,3,4
14723,0,1,2,3,4
14727,0,1,2,3,4
14742,0,1,2,3,4
14813,0,1,2,3,4
14850,0,1,2,3,4
14877,0,1,2,3,4
14915,0,1,2,3,4
1493,0,1,2,3,4
14941,0,1,2,3,4
1495,0,1,2,3,4
14996,0,1,2,3,4
15,0,1,2,3,4
15039,0,1,2,3,4
15043,0,1,2,3,4
15061,0,1,2,3,4
15067,0,1,2,3,4
1509,0,1,2,3,4
15095,0,1,2,3,4
15137,0,1,2,3,4
15147,0,1,2,3,4
15175,0,1,2,3,4
15213,0,1,2,3,4
15241,0,1,2,3,4
15250,0,1,2,3,4
15259,0,1,2,3,4
1527,0,1,2,3,4
15304,0,1,2,3,4
1531,0,1,2,3,4
15343,0,1,2,3,4
15396,0,1,2,3,4
15413,0,1,2,3,4
15453,0,1,2,3,4
15477,0,1,2,3,4
1549,0,1,2,3,4
15492,0,1,2,3,4
15514,0,1,2,3,4
15576,0,1,2,3,4
1564,0,1,2,3,4
15647,0,1,2,3,4
15662,0,1,2,3,4
1568,0,1,2,3,4
157,0,1,2,3,4
15752,0,1,2,3,4
15765,0,1,2,3,4
15782,0,1,2,3,4
15834,0,1,2,3,4
15853,0,1,2,3,4
15891,0,1,2,3,4
15924,0,1,2,3,4
15988,0,1,2,3,4
16051,0,1,2,3,4
16090,0,1,2,3,4
16095,0,1,2,3,4
16096,0,1,2,3,4
16104,0,1,2,3,4
1614,0,1,2,3,4
163,0,1,2,3,4
1687,0,1,2,3,4
1696,0,1,2,3,4
17,0,1,2,3,4
1708,0,1,2,3,4
1712,0,1,2,3,4
1717,0,1,2,3,4
1741,0,1,2,3,4
1798,0,1,2,3,4
1820,0,1,2,3,4
1856,0,1,2,3,4
1859,0,1,2,3,4
1863,0,1,2,3,4
192,0,1,2,3,4
1920,0,1,2,3,4
1997,0,1,2,3,4
2038,0,1,2,3,4
204,0,1,2,3,4
2056,0,1,2,3,4
2064,0,1,2,3,4
2107,0,1,2,3,4
2141,0,1,2,3,4
2145,0,1,2,3,4
2153,0,1,2,3,4
2161,0,1,2,3,4
223,0,1,2,3,4
2240,0,1,2,3,4
2263,0,1,2,3,4
2323,0,1,2,3,4
2350,0,1,2,3,4
2406,0,1,2,3,4
2418,0,1,2,3,4
2422,0,1,2,3,4
2426,0,1,2,3,4
2450,0,1,2,3,4
2473,0,1,2,3,4
25,0,1,2,3,4
2501,0,1,2,3,4
2513,0,1,2,3,4
2534,0,1,2,3,4
2544,0,1,2,3,4
2545,0,1,2,3,4
2554,0,1,2,3,4
2632,0,1,2,3,4
2644,0,1,2,3,4
2650,0,1,2,3,4
2710,0,1,2,3,4
2725,0,1,2,3,4
275,0,1,2,3,4
2781,0,1,2,3,4
2804,0,1,2,3,4
2844,0,1,2,3,4
2857,0,1,2,3,4
2961,0,1,2,3,4
297,0,1,2,3,4
2970,0,1,2,3,4
300,0,1,2,3,4
3011,0,1,2,3,4
3047,0,1,2,3,4
305,0,1,2,3,4
3057,0,1,2,3,4
3058,0,1,2,3,4
3082,0,1,2,3,4
3178,0,1,2,3,4
321,0,1,2,3,4
3217,0,1,2,3,4
3256,0,1,2,3,4
3268,0,1,2,3,4
3280,0,1,2,3,4
3316,0,1,2,3,4
3339,0,1,2,3,4
3372,0,1,2,3,4
3453,0,1,2,3,4
3476,0,1,2,3,4
3480,0,1,2,3,4
3496,0,1,2,3,4
3506,0,1,2,3,4
3530,0,1,2,3,4
3552,0,1,2,3,4
3561,0,1,2,3,4
3582,0,1,2,3,4
3583,0,1,2,3,4
359,0,1,2,3,4
3634,0,1,2,3,4
3636,0,1,2,3,4
364,0,1,2,3,4
3719,0,1,2,3,4
3733,0,1,2,3,4
3751,0,1,2,3,4
3876,0,1,2,3,4
3894,0,1,2,3,4
3954,0,1,2,3,4
3960,0,1,2,3,4
4019,0,1,2,3,4
4021,0,1,2,3,4
4050,0,1,2,3,4
4059,0,1,2,3,4
4073,0,1,2,3,4
4082,0,1,2,3,4
4110,0,1,2,3,4
4122,0,1,2,3,4
4163,0,1,2,3,4
420,0,1,2,3,4
4231,0,1,2,3,4
4239,0,1,2,3,4
425,0,1,2,3,4
4274,0,1,2,3,4
4292,0,1,2,3,4
43,0,1,2,3,4
4306,0,1,2,3,4
4311,0,1,2,3,4
4312,0,1,2,3,4
4313,0,1,2,3,4
4387,0,1,2,3,4
4389,0,1,2,3,4
4393,0,1,2,3,4
4396,0,1,2,3,4
4402,0,1,2,3,4
4405,0,1,2,3,4
4437,0,1,2,3,4
4456,0,1,2,3,4
4459,0,1,2,3,4
4504,0,1,2,3,4
4545,0,1,2,3,4
4577,0,1,2,3,4
4578,0,1,2,3,4
4673,0,1,2,3,4
4691,0,1,2,3,4
4755,0,1,2,3,4
4798,0,1,2,3,4
4811,0,1,2,3,4
4815,0,1,2,3,4
4818,0,1,2,3,4
490,0,1,2,3,4
4918,0,1,2,3,4
4956,0,1,2,3,4
4957,0,1,2,3,4
4993,0,1,2,3,4
5018,0,1,2,3,4
5046,0,1,2,3,4
5090,0,1,2,3,4
51,0,1,2,3,4
5118,0,1,2,3,4
5123,0,1,2,3,4
5124,0,1,2,3,4
5132,0,1,2,3,4
516,0,1,2,3,4
5203,0,1,2,3,4
5214,0,1,2,3,4
5224,0,1,2,3,4
5225,0,1,2,3,4
526,0,1,2,3,4
5270,0,1,2,3,4
5332,0,1,2,3,4
5336,0,1,2,3,4
5346,0,1,2,3,4
5351,0,1,2,3,4
5353,0,1,2,3,4
5359,0,1,2,3,4
5364,0,1,2,3,4
5375,0,1,2,3,4
5417,0,1,2,3,4
5442,0,1,2,3,4
547,0,1,2,3,4
5471,0,1,2,3,4
5478,0,1,2,3,4
5483,0,1,2,3,4
5488,0,1,2,3,4
5504,0,1,2,3,4
5505,0,1,2,3,4
5520,0,1,2,3,4
5527,0,1,2,3,4
5531,0,1,2,3,4
5541,0,1,2,3,4
5548,0,1,2,3,4
5550,0,1,2,3,4
5554,0,1,2,3,4
5570,0,1,2,3,4
5579,0,1,2,3,4
5583,0,1,2,3,4
5607,0,1,2,3,4
5624,0,1,2,3,4
5637,0,1,2,3,4
5677,0,1,2,3,4
5732,0,1,2,3,4
5747,0,1,2,3,4
5748,0,1,2,3,4
5752,0,1,2,3,4
5764,0,1,2,3,4
5774,0,1,2,3,4
5790,0,1,2,3,4
5813,0,1,2,3,4
5824,0,1,2,3,4
5883,0,1,2,3,4
5912,0,1,2,3,4
5933,0,1,2,3,4
5938,0,1,2,3,4
5969,0,1,2,3,4
5970,0,1,2,3,4
5978,0,1,2,3,4
609,0,1,2,3,4
6097,0,1,2,3,4
610,0,1,2,3,4
6117,0,1,2,3,4
6123,0,1,2,3,4
615,0,1,2,3,4
6156,0,1,2,3,4
6218,0,1,2,3,4
6230,0,1,2,3,4
6246,0,1,2,3,4
6269,0,1,2,3,4
6284,0,1,2,3,4
6309,0,1,2,3,4
6325,0,1,2,3,4
6337,0,1,2,3,4
6351,0,1,2,3,4
6354,0,1,2,3,4
6378,0,1,2,3,4
6414,0,1,2,3,4
6428,0,1,2,3,4
6434,0,1,2,3,4
6445,0,1,2,3,4
6469,0,1,2,3,4
6534,0,1,2,3,4
6560,0,1,2,3,4
6566,0,1,2,3,4
6591,0,1,2,3,4
6596,0,1,2,3,4
66,0,1,2,3,4
6605,0,1,2,3,4
6606,0,1,2,3,4
6730,0,1,2,3,4
6801,0,1,2,3,4
6808,0,1,2,3,4
6809,0,1,2,3,4
6850,0,1,2,3,4
6872,0,1,2,3,4
6884,0,1,2,3,4
6896,0,1,2,3,4
6901,0,1,2,3,4
6915,0,1,2,3,4
6940,0,1,2,3,4
6971,0,1,2,3,4
6980,0,1,2,3,4
7034,0,1,2,3,4
7048,0,1,2,3,4
7062,0,1,2,3,4
7065,0,1,2,3,4
7076,0,1,2,3,4
7112,0,1,2,3,4
7161,0,1,2,3,4
7180,0,1,2,3,4
7192,0,1,2,3,4
7223,0,1,2,3,4
7229,0,1,2,3,4
7251,0,1,2,3,4
7255,0,1,2,3,4
7256,0,1,2,3,4
7268,0,1,2,3,4
7312,0,1,2,3,4
7342,0,1,2,3,4
7346,0,1,2,3,4
7412,0,1,2,3,4
7458,0,1,2,3,4
7503,0,1,2,3,4
7519,0,1,2,3,4
7524,0,1,2,3,4
7526,0,1,2,3,4
753,0,1,2,3,4
7559,0,1,2,3,4
7563,0,1,2,3,4
7596,0,1,2,3,4
7624,0,1,2,3,4
7626,0,1,2,3,4
7631,0,1,2,3,4
7674,0,1,2,3,4
7739,0,1,2,3,4
7784,0,1,2,3,4
7790,0,1,2,3,4
7830,0,1,2,3,4
7873,0,1,2,3,4
7879,0,1,2,3,4
7906,0,1,2,3,4
7977,0,1,2,3,4
798,0,1,2,3,4
7994,0,1,2,3,4
8015,0,1,2,3,4
8016,0,1,2,3,4
8027,0,1,2,3,4
8037,0,1,2,3,4
8084,0,1,2,3,4
8097,0,1,2,3,4
8108,0,1,2,3,4
8147,0,1,2,3,4
8154,0,1,2,3,4
8194,0,1,2,3,4
8233,0,1,2,3,4
8279,0,1,2,3,4
829,0,1,2,3,4
8339,0,1,2,3,4
834,0,1,2,3,4
8426,0,1,2,3,4
8443,0,1,2,3,4
8497,0,1,2,3,4
8522,0,1,2,3,4
8578,0,1,2,3,4
8585,0,1,2,3,4
8601,0,1,2,3,4
8615,0,1,2,3,4
8648,0,1,2,3,4
8659,0,1,2,3,4
8686,0,1,2,3,4
869,0,1,2,3,4
873,0,1,2,3,4
8787,0,1,2,3,4
8798,0,1,2,3,4
8829,0,1,2,3,4
8868,0,1,2,3,4
8871,0,1,2,3,4
8873,0,1,2,3,4
8883,0,1,2,3,4
8895,0,1,2,3,4
8953,0,1,2,3,4
9,0,1,2,3,4
9007,0,1,2,3,4
9014,0,1,2,3,4
9022,0,1,2,3,4
904,0,1,2,3,4
9064,0,1,2,3,4
9094,0,1,2,3,4
9107,0,1,2,3,4
9117,0,1,2,3,4
9123,0,1,2,3,4
9149,0,1,2,3,4
9165,0,1,2,3,4
9195,0,1,2,3,4
9235,0,1,2,3,4
9253,0,1,2,3,4
9277,0,1,2,3,4
9288,0,1,2,3,4
9295,0,1,2,3,4
9340,0,1,2,3,4
9356,0,1,2,3,4
9389,0,1,2,3,4
9402,0,1,2,3,4
9407,0,1,2,3,4
9443,0,1,2,3,4
9450,0,1,2,3,4
947,0,1,2,3,4
9481,0,1,2,3,4
9494,0,1,2,3,4
9568,0,1,2,3,4
961,0,1,2,3,4
9639,0,1,2,3,4
9644,0,1,2,3,4
9826,0,1,2,3,4
9828,0,1,2,3,4
9853,0,1,2,3,4
9862,0,1,2,3,4
991,0,1,2,3,4
9933,0,1,2,3,4
9977,0,1,2,3,4
998,0,1,2,3,4
10043,0,1,2,3,4
10140,0,1,2,3,4
10145,0,1,2,3,4
10251,0,1,2,3,4
10266,0,1,2,3,4
10362,0,1,2,3,4
10378,0,1,2,3,4
10384,0,1,2,3,4
10419,0,1,2,3,4
10426,0,1,2,3,4
10438,0,1,2,3,4
10440,0,1,2,3,4
10496,0,1,2,3,4
10498,0,1,2,3,4
10521,0,1,2,3,4
10619,0,1,2,3,4
10621,0,1,2,3,4
10628,0,1,2,3,4
10630,0,1,2,3,4
10651,0,1,2,3,4
10671,0,1,2,3,4
10718,0,1,2,3,4
10735,0,1,2,3,4
10756,0,1,2,3,4
10757,0,1,2,3,4
10786,0,1,2,3,4
1082,0,1,2,3,4
10823,0,1,2,3,4
10856,0,1,2,3,4
10866,0,1,2,3,4
10867,0,1,2,3,4
10909,0,1,2,3,4
11021,0,1,2,3,4
11076,0,1,2,3,4
11126,0,1,2,3,4
11130,0,1,2,3,4
11164,0,1,2,3,4
11206,0,1,2,3,4
11211,0,1,2,3,4
11229,0,1,2,3,4
11239,0,1,2,3,4
1127,0,1,2,3,4
11308,0,1,2,3,4
11333,0,1,2,3,4
11345,0,1,2,3,4
11353,0,1,2,3,4
11370,0,1,2,3,4
11375,0,1,2,3,4
11386,0,1,2,3,4
11517,0,1,2,3,4
11524,0,1,2,3,4
11602,0,1,2,3,4
11605,0,1,2,3,4
11610,0,1,2,3,4
11618,0,1,2,3,4
11647,0,1,2,3,4
11666,0,1,2,3,4
11718,0,1,2,3,4
11756,0,1,2,3,4
11770,0,1,2,3,4
11784,0,1,2,3,4
11801,0,1,2,3,4
11822,0,1,2,3,4
11825,0,1,2,3,4
11847,0,1,2,3,4
11850,0,1,2,3,4
11856,0,1,2,3,4
11859,0,1,2,3,4
11865,0,1,2,3,4
11871,0,1,2,3,4
11897,0,1,2,3,4
1190,0,1,2,3,4
11914,0,1,2,3,4
11952,0,1,2,3,4
11985,0,1,2,3,4
12032,0,1,2,3,4
12047,0,1,2,3,4
1207,0,1,2,3,4
12121,0,1,2,3,4
12125,0,1,2,3,4
12170,0,1,2,3,4
12221,0,1,2,3,4
12229,0,1,2,3,4
12285,0,1,2,3,4
12312,0,1,2,3,4
12341,0,1,2,3,4
1236,0,1,2,3,4
12369,0,1,2,3,4
12401,0,1,2,3,4
12450,0,1,2,3,4
12463,0,1,2,3,4
12485,0,1,2,3,4
12493,0,1,2,3,4
12595,0,1,2,3,4
12650,0,1,2,3,4
12697,0,1,2,3,4
12710,0,1,2,3,4
12735,0,1,2,3,4
12780,0,1,2,3,4
12791,0,1,2,3,4
12859,0,1,2,3,4
12922,0,1,2,3,4
12928,0,1,2,3,4
12932,0,1,2,3,4
12945,0,1,2,3,4
12951,0,1,2,3,4
12972,0,1,2,3,4
12985,0,1,2,3,4
12993,0,1,2,3,4
13011,0,1,2,3,4
13036,0,1,2,3,4
13148,0,1,2,3,4
13155,0,1,2,3,4
13193,0,1,2,3,4
13240,0,1,2,3,4
13247,0,1,2,3,4
13255,0,1,2,3,4
13284,0,1,2,3,4
13348,0,1,2,3,4
13353,0,1,2,3,4
13375,0,1,2,3,4
13418,0,1,2,3,4
1344,0,1,2,3,4
13483,0,1,2,3,4
13514,0,1,2,3,4
13521,0,1,2,3,4
13548,0,1,2,3,4
13555,0,1,2,3,4
13563,0,1,2,3,4
13580,0,1,2,3,4
13620,0,1,2,3,4
13630,0,1,2,3,4
13660,0,1,2,3,4
13701,0,1,2,3,4
13730,0,1,2,3,4
13732,0,1,2,3,4
13770,0,1,2,3,4
1378,0,1,2,3,4
13794,0,1,2,3,4
138,0,1,2,3,4
13821,0,1,2,3,4
13855,0,1,2,3,4
13897,0,1,2,3,4
13912,0,1,2,3,4
13933,0,1,2,3,4
13946,0,1,2,3,4
13959,0,1,2,3,4
13963,0,1,2,3,4
14012,0,1,2,3,4
1402,0,1,2,3,4
14025,0,1,2,3,4
14026,0,1,2,3,4
14058,0,1,2,3,4
1408,0,1,2,3,4
14116,0,1,2,3,4
14119,0,1,2,3,4
14123,0,1,2,3,4
14135,0,1,2,3,4
14143,0,1,2,3,4
14173,0,1,2,3,4
14174,0,1,2,3,4
14195,0,1,2,3,4
14235,0,1,2,3,4
1425,0,1,2,3,4
14314,0,1,2,3,4
14316,0,1,2,3,4
14325,0,1,2,3,4
14343,0,1,2,3,4
14392,0,1,2,3,4
14399,0,1,2,3,4
14417,0,1,2,3,4
14420,0,1,2,3,4
1443,0,1,2,3,4
14435,0,1,2,3,4
14466,0,1,2,3,4
14489,0,1,2,3,4
14497,0,1,2,3,4
14517,0,1,2,3,4
14518,0,1,2,3,4
14523,0,1,2,3,4
14535,0,1,2,3,4
1454,0,1,2,3,4
14557,0,1,2,3,4
14569,0,1,2,3,4
14595,0,1,2,3,4
14624,0,1,2,3,4
14640,0,1,2,3,4
14653,0,1,2,3,4
1469,0,1,2,3,4
14705,0,1,2,3,4
1479,0,1,2,3,4
14824,0,1,2,3,4
14843,0,1,2,3,4
14858,0,1,2,3,4
14880,0,1,2,3,4
14896,0,1,2,3,4
14910,0,1,2,3,4
14946,0,1,2,3,4
14967,0,1,2,3,4
1497,0,1,2,3,4
14974,0,1,2,3,4
14984,0,1,2,3,4
14997,0,1,2,3,4
15017,0,1,2,3,4
15020,0,1,2,3,4
15040,0,1,2,3,4
15084,0,1,2,3,4
15164,0,1,2,3,4
15173,0,1,2,3,4
15181,0,1,2,3,4
15186,0,1,2,3,4
15187,0,1,2,3,4
15197,0,1,2,3,4
15247,0,1,2,3,4
15328,0,1,2,3,4
15392,0,1,2,3,4
15503,0,1,2,3,4
15506,0,1,2,3,4
15539,0,1,2,3,4
15542,0,1,2,3,4
15559,0,1,2,3,4
15582,0,1,2,3,4
15585,0,1,2,3,4
15600,0,1,2,3,4
15607,0,1,2,3,4
15609,0,1,2,3,4
15620,0,1,2,3,4
15621,0,1,2,3,4
15639,0,1,2,3,4
15667,0,1,2,3,4
15695,0,1,2,3,4
15702,0,1,2,3,4
15707,0,1,2,3,4
15747,0,1,2,3,4
15756,0,1,2,3,4
15798,0,1,2,3,4
15805,0,1,2,3,4
15826,0,1,2,3,4
1585,0,1,2,3,4
15878,0,1,2,3,4
15888,0,1,2,3,4
15932,0,1,2,3,4
15938,0,1,2,3,4
15955,0,1,2,3,4
15972,0,1,2,3,4
16008,0,1,2,3,4
16014,0,1,2,3,4
1603,0,1,2,3,4
16043,0,1,2,3,4
16065,0,1,2,3,4
161,0,1,2,3,4
1630,0,1,2,3,4
164,0,1,2,3,4
1656,0,1,2,3,4
1664,0,1,2,3,4
1694,0,1,2,3,4
1716,0,1,2,3,4
1743,0,1,2,3,4
1830,0,1,2,3,4
1854,0,1,2,3,4
1857,0,1,2,3,4
1865,0,1,2,3,4
1947,0,1,2,3,4
2011,0,1,2,3,4
2015,0,1,2,3,4
2025,0,1,2,3,4
207,0,1,2,3,4
2111,0,1,2,3,4
2152,0,1,2,3,4
2182,0,1,2,3,4
219,0,1,2,3,4
2242,0,1,2,3,4
2246,0,1,2,3,4
2303,0,1,2,3,4
2311,0,1,2,3,4
2325,0,1,2,3,4
2332,0,1,2,3,4
2334,0,1,2,3,4
2337,0,1,2,3,4
2348,0,1,2,3,4
2356,0,1,2,3,4
2404,0,1,2,3,4
2405,0,1,2,3,4
2413,0,1,2,3,4
2433,0,1,2,3,4
2494,0,1,2,3,4
2495,0,1,2,3,4
2498,0,1,2,3,4
250,0,1,2,3,4
2533,0,1,2,3,4
257,0,1,2,3,4
2574,0,1,2,3,4
2584,0,1,2,3,4
2604,0,1,2,3,4
2617,0,1,2,3,4
2626,0,1,2,3,4
2643,0,1,2,3,4
2656,0,1,2,3,4
2692,0,1,2,3,4
2709,0,1,2,3,4
2713,0,1,2,3,4
274,0,1,2,3,4
2801,0,1,2,3,4
2839,0,1,2,3,4
2842,0,1,2,3,4
286,0,1,2,3,4
2870,0,1,2,3,4
2902,0,1,2,3,4
2920,0,1,2,3,4
2935,0,1,2,3,4
2944,0,1,2,3,4
2958,0,1,2,3,4
2972,0,1,2,3,4
2981,0,1,2,3,4
2986,0,1,2,3,4
3,0,1,2,3,4
3030,0,1,2,3,4
3050,0,1,2,3,4
3055,0,1,2,3,4
3061,0,1,2,3,4
3062,0,1,2,3,4
3083,0,1,2,3,4
3096,0,1,2,3,4
3119,0,1,2,3,4
316,0,1,2,3,4
3169,0,1,2,3,4
317,0,1,2,3,4
3192,0,1,2,3,4
3198,0,1,2,3,4
3210,0,1,2,3,4
3220,0,1,2,3,4
3283,0,1,2,3,4
3320,0,1,2,3,4
3331,0,1,2,3,4
3334,0,1,2,3,4
3345,0,1,2,3,4
3379,0,1,2,3,4
3398,0,1,2,3,4
3409,0,1,2,3,4
3411,0,1,2,3,4
3420,0,1,2,3,4
3445,0,1,2,3,4
3475,0,1,2,3,4
3523,0,1,2,3,4
3532,0,1,2,3,4
354,0,1,2,3,4
3562,0,1,2,3,4
3580,0,1,2,3,4
3607,0,1,2,3,4
3632,0,1,2,3,4
3639,0,1,2,3,4
3640,0,1,2,3,4
3646,0,1,2,3,4
3647,0,1,2,3,4
3680,0,1,2,3,4
3708,0,1,2,3,4
3727,0,1,2,3,4
3734,0,1,2,3,4
3737,0,1,2,3,4
3765,0,1,2,3,4
3789,0,1,2,3,4
385,0,1,2,3,4
3853,0,1,2,3,4
386,0,1,2,3,4
3867,0,1,2,3,4
388,0,1,2,3,4
3884,0,1,2,3,4
3940,0,1,2,3,4
3946,0,1,2,3,4
3951,0,1,2,3,4
3973,0,1,2,3,4
406,0,1,2,3,4
4069,0,1,2,3,4
4071,0,1,2,3,4
4095,0,1,2,3,4
4135,0,1,2,3,4
4139,0,1,2,3,4
4179,0,1,2,3,4
4207,0,1,2,3,4
4265,0,1,2,3,4
4296,0,1,2,3,4
4305,0,1,2,3,4
432,0,1,2,3,4
4343,0,1,2,3,4
4372,0,1,2,3,4
4401,0,1,2,3,4
4479,0,1,2,3,4
4482,0,1,2,3,4
4518,0,1,2,3,4
4529,0,1,2,3,4
4531,0,1,2,3,4
4538,0,1,2,3,4
4566,0,1,2,3,4
4632,0,1,2,3,4
4668,0,1,2,3,4
4676,0,1,2,3,4
4680,0,1,2,3,4
4684,0,1,2,3,4
4702,0,1,2,3,4
4710,0,1,2,3,4
4718,0,1,2,3,4
4740,0,1,2,3,4
4748,0,1,2,3,4
4765,0,1,2,3,4
4788,0,1,2,3,4
4790,0,1,2,3,4
4809,0,1,2,3,4
484,0,1,2,3,4
4846,0,1,2,3,4
4855,0,1,2,3,4
4871,0,1,2,3,4
4900,0,1,2,3,4
4914,0,1,2,3,4
4923,0,1,2,3,4
4925,0,1,2,3,4
4935,0,1,2,3,4
496,0,1,2,3,4
498,0,1,2,3,4
4999,0,1,2,3,4
50,0,1,2,3,4
5014,0,1,2,3,4
5072,0,1,2,3,4
5133,0,1,2,3,4
5134,0,1,2,3,4
5145,0,1,2,3,4
5157,0,1,2,3,4
5168,0,1,2,3,4
5171,0,1,2,3,4
5186,0,1,2,3,4
5217,0,1,2,3,4
5239,0,1,2,3,4
5259,0,1,2,3,4
528,0,1,2,3,4
5285,0,1,2,3,4
5317,0,1,2,3,4
5373,0,1,2,3,4
549,0,1,2,3,4
5508,0,1,2,3,4
5521,0,1,2,3,4
5577,0,1,2,3,4
5594,0,1,2,3,4
5646,0,1,2,3,4
5686,0,1,2,3,4
5693,0,1,2,3,4
571,0,1,2,3,4
5711,0,1,2,3,4
5744,0,1,2,3,4
5780,0,1,2,3,4
5885,0,1,2,3,4
59,0,1,2,3,4
5901,0,1,2,3,4
5939,0,1,2,3,4
5945,0,1,2,3,4
5954,0,1,2,3,4
6102,0,1,2,3,4
6126,0,1,2,3,4
6233,0,1,2,3,4
6240,0,1,2,3,4
6265,0,1,2,3,4
6277,0,1,2,3,4
6289,0,1,2,3,4
6311,0,1,2,3,4
6315,0,1,2,3,4
6317,0,1,2,3,4
6334,0,1,2,3,4
6335,0,1,2,3,4
6345,0,1,2,3,4
6366,0,1,2,3,4
6375,0,1,2,3,4
639,0,1,2,3,4
6444,0,1,2,3,4
6476,0,1,2,3,4
6481,0,1,2,3,4
6487,0,1,2,3,4
6496,0,1,2,3,4
6500,0,1,2,3,4
6507,0,1,2,3,4
6515,0,1,2,3,4
6516,0,1,2,3,4
6538,0,1,2,3,4
6675,0,1,2,3,4
670,0,1,2,3,4
6727,0,1,2,3,4
6773,0,1,2,3,4
6829,0,1,2,3,4
6834,0,1,2,3,4
6852,0,1,2,3,4
6861,0,1,2,3,4
6864,0,1,2,3,4
692,0,1,2,3,4
6922,0,1,2,3,4
6937,0,1,2,3,4
6967,0,1,2,3,4
6970,0,1,2,3,4
6985,0,1,2,3,4
6999,0,1,2,3,4
705,0,1,2,3,4
7064,0,1,2,3,4
7085,0,1,2,3,4
7111,0,1,2,3,4
7118,0,1,2,3,4
7230,0,1,2,3,4
7249,0,1,2,3,4
7270,0,1,2,3,4
7279,0,1,2,3,4
7292,0,1,2,3,4
73,0,1,2,3,4
7337,0,1,2,3,4
734,0,1,2,3,4
7364,0,1,2,3,4
7411,0,1,2,3,4
7432,0,1,2,3,4
745,0,1,2,3,4
7453,0,1,2,3,4
7461,0,1,2,3,4
7480,0,1,2,3,4
7513,0,1,2,3,4
7545,0,1,2,3,4
7584,0,1,2,3,4
7597,0,1,2,3,4
7598,0,1,2,3,4
76,0,1,2,3,4
7611,0,1,2,3,4
7627,0,1,2,3,4
7628,0,1,2,3,4
767,0,1,2,3,4
7687,0,1,2,3,4
7709,0,1,2,3,4
7800,0,1,2,3,4
7839,0,1,2,3,4
7863,0,1,2,3,4
7899,0,1,2,3,4
7905,0,1,2,3,4
7917,0,1,2,3,4
7973,0,1,2,3,4
7978,0,1,2,3,4
8000,0,1,2,3,4
8062,0,1,2,3,4
8069,0,1,2,3,4
8122,0,1,2,3,4
8142,0,1,2,3,4
8155,0,1,2,3,4
818,0,1,2,3,4
8183,0,1,2,3,4
8219,0,1,2,3,4
8238,0,1,2,3,4
8241,0,1,2,3,4
8255,0,1,2,3,4
8263,0,1,2,3,4
8283,0,1,2,3,4
8317,0,1,2,3,4
8325,0,1,2,3,4
8338,0,1,2,3,4
8366,0,1,2,3,4
8378,0,1,2,3,4
8408,0,1,2,3,4
8416,0,1,2,3,4
8419,0,1,2,3,4
8449,0,1,2,3,4
8512,0,1,2,3,4
8557,0,1,2,3,4
8559,0,1,2,3,4
8600,0,1,2,3,4
8607,0,1,2,3,4
8680,0,1,2,3,4
8693,0,1,2,3,4
8765,0,1,2,3,4
8773,0,1,2,3,4
8774,0,1,2,3,4
8775,0,1,2,3,4
8834,0,1,2,3,4
8860,0,1,2,3,4
8882,0,1,2,3,4
8903,0,1,2,3,4
8930,0,1,2,3,4
8939,0,1,2,3,4
8970,0,1,2,3,4
898,0,1,2,3,4
8982,0,1,2,3,4
9003,0,1,2,3,4
9065,0,1,2,3,4
9119,0,1,2,3,4
912,0,1,2,3,4
9127,0,1,2,3,4
9172,0,1,2,3,4
9189,0,1,2,3,4
9220,0,1,2,3,4
9249,0,1,2,3,4
9255,0,1,2,3,4
932,0,1,2,3,4
9348,0,1,2,3,4
9352,0,1,2,3,4
9361,0,1,2,3,4
9365,0,1,2,3,4
9367,0,1,2,3,4
9372,0,1,2,3,4
9380,0,1,2,3,4
9392,0,1,2,3,4
9412,0,1,2,3,4
9429,0,1,2,3,4
9433,0,1,2,3,4
9487,0,1,2,3,4
9488,0,1,2,3,4
9495,0,1,2,3,4
9542,0,1,2,3,4
9587,0,1,2,3,4
9626,0,1,2,3,4
967,0,1,2,3,4
9680,0,1,2,3,4
9714,0,1,2,3,4
9734,0,1,2,3,4
9752,0,1,2,3,4
9786,0,1,2,3,4
9799,0,1,2,3,4
9818,0,1,2,3,4
9894,0,1,2,3,4
9901,0,1,2,3,4
9925,0,1,2,3,4
993,0,1,2,3,4
9932,0,1,2,3,4
9949,0,1,2,3,4
9983,0,1,2,3,4
10015,0,1,2,3,4
10016,0,1,2,3,4
10072,0,1,2,3,4
10126,0,1,2,3,4
10191,0,1,2,3,4
10194,0,1,2,3,4
10222,0,1,2,3,4
10236,0,1,2,3,4
10242,0,1,2,3,4
10314,0,1,2,3,4
10324,0,1,2,3,4
10327,0,1,2,3,4
10328,0,1,2,3,4
10341,0,1,2,3,4
10345,0,1,2,3,4
10390,0,1,2,3,4
10391,0,1,2,3,4
10401,0,1,2,3,4
10405,0,1,2,3,4
10428,0,1,2,3,4
1047,0,1,2,3,4
10497,0,1,2,3,4
10504,0,1,2,3,4
10532,0,1,2,3,4
10577,0,1,2,3,4
1058,0,1,2,3,4
10636,0,1,2,3,4
10647,0,1,2,3,4
10669,0,1,2,3,4
10709,0,1,2,3,4
10712,0,1,2,3,4
10721,0,1,2,3,4
10755,0,1,2,3,4
10815,0,1,2,3,4
10848,0,1,2,3,4
10910,0,1,2,3,4
10933,0,1,2,3,4
11004,0,1,2,3,4
11008,0,1,2,3,4
11031,0,1,2,3,4
1104,0,1,2,3,4
11040,0,1,2,3,4
11084,0,1,2,3,4
11094,0,1,2,3,4
11100,0,1,2,3,4
11104,0,1,2,3,4
11118,0,1,2,3,4
11120,0,1,2,3,4
11122,0,1,2,3,4
11125,0,1,2,3,4
11152,0,1,2,3,4
11155,0,1,2,3,4
11181,0,1,2,3,4
11189,0,1,2,3,4
11253,0,1,2,3,4
11260,0,1,2,3,4
1130,0,1,2,3,4
11319,0,1,2,3,4
11367,0,1,2,3,4
11382,0,1,2,3,4
11401,0,1,2,3,4
11404,0,1,2,3,4
11440,0,1,2,3,4
11442,0,1,2,3,4
11516,0,1,2,3,4
11522,0,1,2,3,4
11538,0,1,2,3,4
11539,0,1,2,3,4
11542,0,1,2,3,4
11617,0,1,2,3,4
11627,0,1,2,3,4
11636,0,1,2,3,4
11640,0,1,2,3,4
11685,0,1,2,3,4
1170,0,1,2,3,4
11700,0,1,2,3,4
11711,0,1,2,3,4
11734,0,1,2,3,4
11763,0,1,2,3,4
11797,0,1,2,3,4
1183,0,1,2,3,4
11839,0,1,2,3,4
11840,0,1,2,3,4
11855,0,1,2,3,4
11881,0,1,2,3,4
11902,0,1,2,3,4
11909,0,1,2,3,4
11912,0,1,2,3,4
11915,0,1,2,3,4
11938,0,1,2,3,4
11963,0,1,2,3,4
11971,0,1,2,3,4
12030,0,1,2,3,4
12072,0,1,2,3,4
12081,0,1,2,3,4
121,0,1,2,3,4
12105,0,1,2,3,4
12138,0,1,2,3,4
12146,0,1,2,3,4
12165,0,1,2,3,4
12175,0,1,2,3,4
12210,0,1,2,3,4
12244,0,1,2,3,4
12251,0,1,2,3,4
12288,0,1,2,3,4
12302,0,1,2,3,4
12340,0,1,2,3,4
12342,0,1,2,3,4
12354,0,1,2,3,4
12373,0,1,2,3,4
12408,0,1,2,3,4
12411,0,1,2,3,4
12440,0,1,2,3,4
12498,0,1,2,3,4
12566,0,1,2,3,4
12581,0,1,2,3,4
1263,0,1,2,3,4
12653,0,1,2,3,4
12690,0,1,2,3,4
127,0,1,2,3,4
12728,0,1,2,3,4
12733,0,1,2,3,4
12741,0,1,2,3,4
12744,0,1,2,3,4
12762,0,1,2,3,4
12792,0,1,2,3,4
12887,0,1,2,3,4
12905,0,1,2,3,4
12917,0,1,2,3,4
12977,0,1,2,3,4
12996,0,1,2,3,4
13055,0,1,2,3,4
13062,0,1,2,3,4
13072,0,1,2,3,4
13075,0,1,2,3,4
13171,0,1,2,3,4
13228,0,1,2,3,4
1323,0,1,2,3,4
13262,0,1,2,3,4
13273,0,1,2,3,4
13289,0,1,2,3,4
13312,0,1,2,3,4
13362,0,1,2,3,4
13383,0,1,2,3,4
13460,0,1,2,3,4
13629,0,1,2,3,4
13642,0,1,2,3,4
13643,0,1,2,3,4
13679,0,1,2,3,4
13683,0,1,2,3,4
1371,0,1,2,3,4
13714,0,1,2,3,4
13727,0,1,2,3,4
13786,0,1,2,3,4
13805,0,1,2,3,4
13807,0,1,2,3,4
13853,0,1,2,3,4
13882,0,1,2,3,4
13919,0,1,2,3,4
13951,0,1,2,3,4
13964,0,1,2,3,4
13990,0,1,2,3,4
140,0,1,2,3,4
14029,0,1,2,3,4
14030,0,1,2,3,4
14033,0,1,2,3,4
14040,0,1,2,3,4
14041,0,1,2,3,4
14092,0,1,2,3,4
14093,0,1,2,3,4
14121,0,1,2,3,4
1413,0,1,2,3,4
14157,0,1,2,3,4
14178,0,1,2,3,4
14187,0,1,2,3,4
14223,0,1,2,3,4
14224,0,1,2,3,4
14233,0,1,2,3,4
14273,0,1,2,3,4
14288,0,1,2,3,4
14305,0,1,2,3,4
14328,0,1,2,3,4
14347,0,1,2,3,4
14370,0,1,2,3,4
14372,0,1,2,3,4
14473,0,1,2,3,4
14483,0,1,2,3,4
14560,0,1,2,3,4
14601,0,1,2,3,4
14631,0,1,2,3,4
14672,0,1,2,3,4
14735,0,1,2,3,4
14748,0,1,2,3,4
14759,0,1,2,3,4
14763,0,1,2,3,4
14791,0,1,2,3,4
14805,0,1,2,3,4
14807,0,1,2,3,4
14831,0,1,2,3,4
14832,0,1,2,3,4
14892,0,1,2,3,4
14893,0,1,2,3,4
14919,0,1,2,3,4
14951,0,1,2,3,4
14988,0,1,2,3,4
14991,0,1,2,3,4
1510,0,1,2,3,4
15129,0,1,2,3,4
15159,0,1,2,3,4
15189,0,1,2,3,4
15192,0,1,2,3,4
15195,0,1,2,3,4
15203,0,1,2,3,4
15216,0,1,2,3,4
15220,0,1,2,3,4
15225,0,1,2,3,4
15227,0,1,2,3,4
15231,0,1,2,3,4
15303,0,1,2,3,4
15324,0,1,2,3,4
15374,0,1,2,3,4
1544,0,1,2,3,4
15442,0,1,2,3,4
15455,0,1,2,3,4
15460,0,1,2,3,4
1547,0,1,2,3,4
15531,0,1,2,3,4
15583,0,1,2,3,4
1563,0,1,2,3,4
15636,0,1,2,3,4
1572,0,1,2,3,4
1577,0,1,2,3,4
15781,0,1,2,3,4
15785,0,1,2,3,4
15793,0,1,2,3,4
15800,0,1,2,3,4
15823,0,1,2,3,4
15856,0,1,2,3,4
15879,0,1,2,3,4
15906,0,1,2,3,4
1594,0,1,2,3,4
15990,0,1,2,3,4
15994,0,1,2,3,4
16026,0,1,2,3,4
16037,0,1,2,3,4
16045,0,1,2,3,4
16052,0,1,2,3,4
16056,0,1,2,3,4
16063,0,1,2,3,4
16082,0,1,2,3,4
168,0,1,2,3,4
1686,0,1,2,3,4
1710,0,1,2,3,4
1733,0,1,2,3,4
1737,0,1,2,3,4
1740,0,1,2,3,4
1779,0,1,2,3,4
178,0,1,2,3,4
1792,0,1,2,3,4
1805,0,1,2,3,4
1818,0,1,2,3,4
1843,0,1,2,3,4
1862,0,1,2,3,4
1868,0,1,2,3,4
1895,0,1,2,3,4
1931,0,1,2,3,4
1939,0,1,2,3,4
1965,0,1,2,3,4
1969,0,1,2,3,4
1993,0,1,2,3,4
2008,0,1,2,3,4
2040,0,1,2,3,4
2043,0,1,2,3,4
2055,0,1,2,3,4
2066,0,1,2,3,4
2073,0,1,2,3,4
2105,0,1,2,3,4
2127,0,1,2,3,4
2143,0,1,2,3,4
2180,0,1,2,3,4
2192,0,1,2,3,4
2196,0,1,2,3,4
230,0,1,2,3,4
2324,0,1,2,3,4
2328,0,1,2,3,4
2347,0,1,2,3,4
2385,0,1,2,3,4
2390,0,1,2,3,4
2441,0,1,2,3,4
2443,0,1,2,3,4
2452,0,1,2,3,4
2458,0,1,2,3,4
2519,0,1,2,3,4
2531,0,1,2,3,4
2539,0,1,2,3,4
2552,0,1,2,3,4
2556,0,1,2,3,4
2562,0,1,2,3,4
2625,0,1,2,3,4
2647,0,1,2,3,4
265,0,1,2,3,4
2653,0,1,2,3,4
2701,0,1,2,3,4
2706,0,1,2,3,4
2741,0,1,2,3,4
2742,0,1,2,3,4
2749,0,1,2,3,4
2765,0,1,2,3,4
2770,0,1,2,3,4
282,0,1,2,3,4
2829,0,1,2,3,4
2851,0,1,2,3,4
2900,0,1,2,3,4
2927,0,1,2,3,4
2980,0,1,2,3,4
2991,0,1,2,3,4
3003,0,1,2,3,4
3005,0,1,2,3,4
3007,0,1,2,3,4
3016,0,1,2,3,4
3021,0,1,2,3,4
3085,0,1,2,3,4
3129,0,1,2,3,4
3132,0,1,2,3,4
3147,0,1,2,3,4
3174,0,1,2,3,4
3185,0,1,2,3,4
3188,0,1,2,3,4
3199,0,1,2,3,4
3232,0,1,2,3,4
333,0,1,2,3,4
3347,0,1,2,3,4
3349,0,1,2,3,4
3395,0,1,2,3,4
3421,0,1,2,3,4
3443,0,1,2,3,4
3487,0,1,2,3,4
3515,0,1,2,3,4
3516,0,1,2,3,4
3545,0,1,2,3,4
3549,0,1,2,3,4
3594,0,1,2,3,4
3595,0,1,2,3,4
3687,0,1,2,3,4
3694,0,1,2,3,4
370,0,1,2,3,4
3702,0,1,2,3,4
3739,0,1,2,3,4
3740,0,1,2,3,4
3782,0,1,2,3,4
3810,0,1,2,3,4
3855,0,1,2,3,4
3863,0,1,2,3,4
3896,0,1,2,3,4
3944,0,1,2,3,4
4006,0,1,2,3,4
4009,0,1,2,3,4
4063,0,1,2,3,4
4068,0,1,2,3,4
4103,0,1,2,3,4
4120,0,1,2,3,4
4130,0,1,2,3,4
4150,0,1,2,3,4
4161,0,1,2,3,4
4169,0,1,2,3,4
4183,0,1,2,3,4
4186,0,1,2,3,4
4208,0,1,2,3,4
4224,0,1,2,3,4
4232,0,1,2,3,4
4238,0,1,2,3,4
4248,0,1,2,3,4
4257,0,1,2,3,4
4308,0,1,2,3,4
4320,0,1,2,3,4
435,0,1,2,3,4
4368,0,1,2,3,4
4379,0,1,2,3,4
440,0,1,2,3,4
4409,0,1,2,3,4
4424,0,1,2,3,4
4447,0,1,2,3,4
4472,0,1,2,3,4
4495,0,1,2,3,4
4508,0,1,2,3,4
4535,0,1,2,3,4
4587,0,1,2,3,4
4607,0,1,2,3,4
4646,0,1,2,3,4
4683,0,1,2,3,4
4754,0,1,2,3,4
4797,0,1,2,3,4
4826,0,1,2,3,4
4848,0,1,2,3,4
4856,0,1,2,3,4
4875,0,1,2,3,4
4889,0,1,2,3,4
491,0,1,2,3,4
4939,0,1,2,3,4
4960,0,1,2,3,4
4981,0,1,2,3,4
4998,0,1,2,3,4
5008,0,1,2,3,4
5023,0,1,2,3,4
5034,0,1,2,3,4
5044,0,1,2,3,4
5045,0,1,2,3,4
5055,0,1,2,3,4
5057,0,1,2,3,4
5140,0,1,2,3,4
5147,0,1,2,3,4
5160,0,1,2,3,4
5212,0,1,2,3,4
5262,0,1,2,3,4
5306,0,1,2,3,4
5313,0,1,2,3,4
5342,0,1,2,3,4
536,0,1,2,3,4
5389,0,1,2,3,4
540,0,1,2,3,4
544,0,1,2,3,4
5449,0,1,2,3,4
5459,0,1,2,3,4
5470,0,1,2,3,4
5528,0,1,2,3,4
5559,0,1,2,3,4
5563,0,1,2,3,4
5564,0,1,2,3,4
560,0,1,2,3,4
5615,0,1,2,3,4
5643,0,1,2,3,4
5651,0,1,2,3,4
5661,0,1,2,3,4
5672,0,1,2,3,4
5682,0,1,2,3,4
5684,0,1,2,3,4
5735,0,1,2,3,4
5787,0,1,2,3,4
5818,0,1,2,3,4
5828,0,1,2,3,4
5842,0,1,2,3,4
5857,0,1,2,3,4
5869,0,1,2,3,4
5917,0,1,2,3,4
5919,0,1,2,3,4
5921,0,1,2,3,4
5941,0,1,2,3,4
6015,0,1,2,3,4
6040,0,1,2,3,4
6054,0,1,2,3,4
6090,0,1,2,3,4
6114,0,1,2,3,4
6119,0,1,2,3,4
6130,0,1,2,3,4
6140,0,1,2,3,4
6144,0,1,2,3,4
6165,0,1,2,3,4
618,0,1,2,3,4
6234,0,1,2,3,4
6254,0,1,2,3,4
6263,0,1,2,3,4
628,0,1,2,3,4
6291,0,1,2,3,4
6339,0,1,2,3,4
6380,0,1,2,3,4
6381,0,1,2,3,4
6403,0,1,2,3,4
6417,0,1,2,3,4
6447,0,1,2,3,4
6458,0,1,2,3,4
6526,0,1,2,3,4
6558,0,1,2,3,4
6570,0,1,2,3,4
6578,0,1,2,3,4
6587,0,1,2,3,4
6607,0,1,2,3,4
6627,0,1,2,3,4
6631,0,1,2,3,4
6637,0,1,2,3,4
6642,0,1,2,3,4
6648,0,1,2,3,4
666,0,1,2,3,4
6663,0,1,2,3,4
6685,0,1,2,3,4
6693,0,1,2,3,4
6712,0,1,2,3,4
6721,0,1,2,3,4
6733,0,1,2,3,4
6746,0,1,2,3,4
6774,0,1,2,3,4
6796,0,1,2,3,4
6802,0,1,2,3,4
6825,0,1,2,3,4
6837,0,1,2,3,4
686,0,1,2,3,4
69,0,1,2,3,4
6919,0,1,2,3,4
6997,0,1,2,3,4
7008,0,1,2,3,4
7035,0,1,2,3,4
7042,0,1,2,3,4
7073,0,1,2,3,4
7099,0,1,2,3,4
7101,0,1,2,3,4
7168,0,1,2,3,4
7247,0,1,2,3,4
7282,0,1,2,3,4
7285,0,1,2,3,4
7359,0,1,2,3,4
737,0,1,2,3,4
7376,0,1,2,3,4
7386,0,1,2,3,4
7403,0,1,2,3,4
7468,0,1,2,3,4
7486,0,1,2,3,4
7502,0,1,2,3,4
7588,0,1,2,3,4
7617,0,1,2,3,4
7622,0,1,2,3,4
7675,0,1,2,3,4
7677,0,1,2,3,4
7713,0,1,2,3,4
7726,0,1,2,3,4
7823,0,1,2,3,4
7851,0,1,2,3,4
7871,0,1,2,3,4
7892,0,1,2,3,4
791,0,1,2,3,4
7919,0,1,2,3,4
8041,0,1,2,3,4
8050,0,1,2,3,4
8061,0,1,2,3,4
8073,0,1,2,3,4
8106,0,1,2,3,4
8113,0,1,2,3,4
8125,0,1,2,3,4
815,0,1,2,3,4
8174,0,1,2,3,4
8195,0,1,2,3,4
8204,0,1,2,3,4
8264,0,1,2,3,4
8293,0,1,2,3,4
8382,0,1,2,3,4
8413,0,1,2,3,4
8432,0,1,2,3,4
8445,0,1,2,3,4
8446,0,1,2,3,4
8456,0,1,2,3,4
8483,0,1,2,3,4
8488,0,1,2,3,4
8514,0,1,2,3,4
8528,0,1,2,3,4
8576,0,1,2,3,4
8590,0,1,2,3,4
8598,0,1,2,3,4
8632,0,1,2,3,4
8656,0,1,2,3,4
8685,0,1,2,3,4
8712,0,1,2,3,4
8767,0,1,2,3,4
8777,0,1,2,3,4
879,0,1,2,3,4
8854,0,1,2,3,4
8869,0,1,2,3,4
888,0,1,2,3,4
8893,0,1,2,3,4
8920,0,1,2,3,4
8921,0,1,2,3,4
8968,0,1,2,3,4
9026,0,1,2,3,4
9029,0,1,2,3,4
9033,0,1,2,3,4
9058,0,1,2,3,4
9106,0,1,2,3,4
9108,0,1,2,3,4
9109,0,1,2,3,4
9115,0,1,2,3,4
9176,0,1,2,3,4
9202,0,1,2,3,4
9210,0,1,2,3,4
9226,0,1,2,3,4
9248,0,1,2,3,4
9252,0,1,2,3,4
9284,0,1,2,3,4
9302,0,1,2,3,4
9320,0,1,2,3,4
9381,0,1,2,3,4
940,0,1,2,3,4
9410,0,1,2,3,4
9425,0,1,2,3,4
9427,0,1,2,3,4
9467,0,1,2,3,4
9472,0,1,2,3,4
9505,0,1,2,3,4
9523,0,1,2,3,4
9528,0,1,2,3,4
9592,0,1,2,3,4
9595,0,1,2,3,4
9612,0,1,2,3,4
9616,0,1,2,3,4
9623,0,1,2,3,4
9624,0,1,2,3,4
963,0,1,2,3,4
9703,0,1,2,3,4
9704,0,1,2,3,4
9741,0,1,2,3,4
9753,0,1,2,3,4
9755,0,1,2,3,4
9758,0,1,2,3,4
9823,0,1,2,3,4
9831,0,1,2,3,4
9834,0,1,2,3,4
9846,0,1,2,3,4
9857,0,1,2,3,4
9861,0,1,2,3,4
9865,0,1,2,3,4
9884,0,1,2,3,4
9888,0,1,2,3,4
9928,0,1,2,3,4
9964,0,1,2,3,4
9967,0,1,2,3,4
9980,0,1,2,3,4
10032,0,1,2,3,4
10036,0,1,2,3,4
10057,0,1,2,3,4
1009,0,1,2,3,4
10094,0,1,2,3,4
10110,0,1,2,3,4
10129,0,1,2,3,4
10130,0,1,2,3,4
10156,0,1,2,3,4
10166,0,1,2,3,4
10172,0,1,2,3,4
10211,0,1,2,3,4
10264,0,1,2,3,4
10296,0,1,2,3,4
10409,0,1,2,3,4
10435,0,1,2,3,4
10446,0,1,2,3,4
10490,0,1,2,3,4
10491,0,1,2,3,4
10507,0,1,2,3,4
10575,0,1,2,3,4
10584,0,1,2,3,4
10612,0,1,2,3,4
10623,0,1,2,3,4
1064,0,1,2,3,4
10676,0,1,2,3,4
10682,0,1,2,3,4
10692,0,1,2,3,4
10703,0,1,2,3,4
10708,0,1,2,3,4
1071,0,1,2,3,4
10793,0,1,2,3,4
10799,0,1,2,3,4
10811,0,1,2,3,4
10903,0,1,2,3,4
10905,0,1,2,3,4
10926,0,1,2,3,4
10940,0,1,2,3,4
1101,0,1,2,3,4
11042,0,1,2,3,4
11069,0,1,2,3,4
11088,0,1,2,3,4
1109,0,1,2,3,4
11091,0,1,2,3,4
11092,0,1,2,3,4
11093,0,1,2,3,4
1110,0,1,2,3,4
11139,0,1,2,3,4
1114,0,1,2,3,4
11147,0,1,2,3,4
11207,0,1,2,3,4
11235,0,1,2,3,4
11241,0,1,2,3,4
113,0,1,2,3,4
11313,0,1,2,3,4
11359,0,1,2,3,4
11378,0,1,2,3,4
11385,0,1,2,3,4
1139,0,1,2,3,4
11420,0,1,2,3,4
11434,0,1,2,3,4
11436,0,1,2,3,4
11506,0,1,2,3,4
11551,0,1,2,3,4
11571,0,1,2,3,4
11583,0,1,2,3,4
11594,0,1,2,3,4
11598,0,1,2,3,4
11616,0,1,2,3,4
11650,0,1,2,3,4
11654,0,1,2,3,4
11677,0,1,2,3,4
11719,0,1,2,3,4
1177,0,1,2,3,4
11979,0,1,2,3,4
11981,0,1,2,3,4
11996,0,1,2,3,4
12008,0,1,2,3,4
12040,0,1,2,3,4
12097,0,1,2,3,4
1212,0,1,2,3,4
12124,0,1,2,3,4
12133,0,1,2,3,4
12143,0,1,2,3,4
12174,0,1,2,3,4
12192,0,1,2,3,4
12193,0,1,2,3,4
12208,0,1,2,3,4
12209,0,1,2,3,4
12228,0,1,2,3,4
12237,0,1,2,3,4
12239,0,1,2,3,4
12261,0,1,2,3,4
12263,0,1,2,3,4
12383,0,1,2,3,4
12388,0,1,2,3,4
12405,0,1,2,3,4
12412,0,1,2,3,4
12437,0,1,2,3,4
12448,0,1,2,3,4
1249,0,1,2,3,4
1252,0,1,2,3,4
12547,0,1,2,3,4
12548,0,1,2,3,4
12552,0,1,2,3,4
12570,0,1,2,3,4
12629,0,1,2,3,4
12663,0,1,2,3,4
12696,0,1,2,3,4
12716,0,1,2,3,4
12757,0,1,2,3,4
12788,0,1,2,3,4
12803,0,1,2,3,4
12810,0,1,2,3,4
12931,0,1,2,3,4
12933,0,1,2,3,4
12973,0,1,2,3,4
13025,0,1,2,3,4
13030,0,1,2,3,4
1306,0,1,2,3,4
13069,0,1,2,3,4
1307,0,1,2,3,4
13103,0,1,2,3,4
13105,0,1,2,3,4
1315,0,1,2,3,4
13237,0,1,2,3,4
13254,0,1,2,3,4
13258,0,1,2,3,4
13268,0,1,2,3,4
13299,0,1,2,3,4
13310,0,1,2,3,4
13365,0,1,2,3,4
13392,0,1,2,3,4
13409,0,1,2,3,4
13429,0,1,2,3,4
13510,0,1,2,3,4
1353,0,1,2,3,4
13536,0,1,2,3,4
13579,0,1,2,3,4
13586,0,1,2,3,4
13623,0,1,2,3,4
13669,0,1,2,3,4
13678,0,1,2,3,4
13785,0,1,2,3,4
13809,0,1,2,3,4
13837,0,1,2,3,4
13843,0,1,2,3,4
13858,0,1,2,3,4
13877,0,1,2,3,4
13905,0,1,2,3,4
13914,0,1,2,3,4
13966,0,1,2,3,4
13977,0,1,2,3,4
13983,0,1,2,3,4
13999,0,1,2,3,4
14007,0,1,2,3,4
14043,0,1,2,3,4
14044,0,1,2,3,4
14053,0,1,2,3,4
14070,0,1,2,3,4
14071,0,1,2,3,4
14087,0,1,2,3,4
14126,0,1,2,3,4
1415,0,1,2,3,4
14165,0,1,2,3,4
14183,0,1,2,3,4
14213,0,1,2,3,4
14218,0,1,2,3,4
14240,0,1,2,3,4
14245,0,1,2,3,4
14296,0,1,2,3,4
14299,0,1,2,3,4
14313,0,1,2,3,4
14363,0,1,2,3,4
14390,0,1,2,3,4
144,0,1,2,3,4
14402,0,1,2,3,4
14408,0,1,2,3,4
14465,0,1,2,3,4
14467,0,1,2,3,4
14521,0,1,2,3,4
14561,0,1,2,3,4
14564,0,1,2,3,4
14592,0,1,2,3,4
14600,0,1,2,3,4
14604,0,1,2,3,4
14651,0,1,2,3,4
14669,0,1,2,3,4
1477,0,1,2,3,4
14804,0,1,2,3,4
14861,0,1,2,3,4
14866,0,1,2,3,4
14885,0,1,2,3,4
14905,0,1,2,3,4
14945,0,1,2,3,4
15002,0,1,2,3,4
15019,0,1,2,3,4
15055,0,1,2,3,4
151,0,1,2,3,4
15132,0,1,2,3,4
15217,0,1,2,3,4
15229,0,1,2,3,4
15254,0,1,2,3,4
15269,0,1,2,3,4
15281,0,1,2,3,4
15288,0,1,2,3,4
15295,0,1,2,3,4
15320,0,1,2,3,4
15321,0,1,2,3,4
15349,0,1,2,3,4
15353,0,1,2,3,4
15386,0,1,2,3,4
15420,0,1,2,3,4
15426,0,1,2,3,4
15445,0,1,2,3,4
15473,0,1,2,3,4
15509,0,1,2,3,4
15546,0,1,2,3,4
15549,0,1,2,3,4
15558,0,1,2,3,4
15580,0,1,2,3,4
1559,0,1,2,3,4
15590,0,1,2,3,4
15653,0,1,2,3,4
15677,0,1,2,3,4
15714,0,1,2,3,4
15733,0,1,2,3,4
15737,0,1,2,3,4
1575,0,1,2,3,4
15759,0,1,2,3,4
15780,0,1,2,3,4
158,0,1,2,3,4
15807,0,1,2,3,4
15850,0,1,2,3,4
15892,0,1,2,3,4
15905,0,1,2,3,4
15912,0,1,2,3,4
15921,0,1,2,3,4
15949,0,1,2,3,4
15966,0,1,2,3,4
16001,0,1,2,3,4
16015,0,1,2,3,4
16022,0,1,2,3,4
16038,0,1,2,3,4
16054,0,1,2,3,4
16105,0,1,2,3,4
1615,0,1,2,3,4
167,0,1,2,3,4
1698,0,1,2,3,4
1725,0,1,2,3,4
1726,0,1,2,3,4
1753,0,1,2,3,4
1761,0,1,2,3,4
1789,0,1,2,3,4
1802,0,1,2,3,4
1809,0,1,2,3,4
1827,0,1,2,3,4
1847,0,1,2,3,4
1869,0,1,2,3,4
1870,0,1,2,3,4
1874,0,1,2,3,4
1881,0,1,2,3,4
1896,0,1,2,3,4
190,0,1,2,3,4
1940,0,1,2,3,4
1941,0,1,2,3,4
1974,0,1,2,3,4
1976,0,1,2,3,4
2010,0,1,2,3,4
2016,0,1,2,3,4
2037,0,1,2,3,4
2039,0,1,2,3,4
2058,0,1,2,3,4
2092,0,1,2,3,4
2133,0,1,2,3,4
2148,0,1,2,3,4
2162,0,1,2,3,4
2178,0,1,2,3,4
2184,0,1,2,3,4
2201,0,1,2,3,4
2222,0,1,2,3,4
2224,0,1,2,3,4
2225,0,1,2,3,4
2236,0,1,2,3,4
2316,0,1,2,3,4
2345,0,1,2,3,4
2352,0,1,2,3,4
2375,0,1,2,3,4
2394,0,1,2,3,4
2415,0,1,2,3,4
2500,0,1,2,3,4
252,0,1,2,3,4
2527,0,1,2,3,4
2530,0,1,2,3,4
2579,0,1,2,3,4
2623,0,1,2,3,4
2686,0,1,2,3,4
2698,0,1,2,3,4
2700,0,1,2,3,4
2712,0,1,2,3,4
2717,0,1,2,3,4
273,0,1,2,3,4
2747,0,1,2,3,4
2761,0,1,2,3,4
2785,0,1,2,3,4
28,0,1,2,3,4
2818,0,1,2,3,4
2858,0,1,2,3,4
2860,0,1,2,3,4
2862,0,1,2,3,4
2865,0,1,2,3,4
2937,0,1,2,3,4
2954,0,1,2,3,4
2962,0,1,2,3,4
2968,0,1,2,3,4
299,0,1,2,3,4
2993,0,1,2,3,4
3043,0,1,2,3,4
3125,0,1,2,3,4
3145,0,1,2,3,4
3189,0,1,2,3,4
3190,0,1,2,3,4
3212,0,1,2,3,4
3224,0,1,2,3,4
3267,0,1,2,3,4
3273,0,1,2,3,4
3277,0,1,2,3,4
3312,0,1,2,3,4
3383,0,1,2,3,4
3394,0,1,2,3,4
3397,0,1,2,3,4
3408,0,1,2,3,4
3437,0,1,2,3,4
3478,0,1,2,3,4
3578,0,1,2,3,4
3598,0,1,2,3,4
3627,0,1,2,3,4
3641,0,1,2,3,4
366,0,1,2,3,4
3697,0,1,2,3,4
3707,0,1,2,3,4
371,0,1,2,3,4
3741,0,1,2,3,4
3746,0,1,2,3,4
3756,0,1,2,3,4
3767,0,1,2,3,4
3787,0,1,2,3,4
3809,0,1,2,3,4
3845,0,1,2,3,4
3862,0,1,2,3,4
3908,0,1,2,3,4
3910,0,1,2,3,4
3924,0,1,2,3,4
393,0,1,2,3,4
3955,0,1,2,3,4
3959,0,1,2,3,4
3968,0,1,2,3,4
4015,0,1,2,3,4
4038,0,1,2,3,4
4051,0,1,2,3,4
4054,0,1,2,3,4
4057,0,1,2,3,4
4061,0,1,2,3,4
4077,0,1,2,3,4
4094,0,1,2,3,4
410,0,1,2,3,4
4126,0,1,2,3,4
4138,0,1,2,3,4
4140,0,1,2,3,4
4145,0,1,2,3,4
4149,0,1,2,3,4
415,0,1,2,3,4
4157,0,1,2,3,4
4180,0,1,2,3,4
4184,0,1,2,3,4
4191,0,1,2,3,4
4214,0,1,2,3,4
4216,0,1,2,3,4
4233,0,1,2,3,4
4251,0,1,2,3,4
4275,0,1,2,3,4
4276,0,1,2,3,4
4287,0,1,2,3,4
4319,0,1,2,3,4
4338,0,1,2,3,4
436,0,1,2,3,4
4362,0,1,2,3,4
438,0,1,2,3,4
445,0,1,2,3,4
4458,0,1,2,3,4
4480,0,1,2,3,4
4525,0,1,2,3,4
4543,0,1,2,3,4
4561,0,1,2,3,4
4594,0,1,2,3,4
460,0,1,2,3,4
4651,0,1,2,3,4
4654,0,1,2,3,4
4711,0,1,2,3,4
4717,0,1,2,3,4
4743,0,1,2,3,4
4744,0,1,2,3,4
4749,0,1,2,3,4
4752,0,1,2,3,4
4796,0,1,2,3,4
4841,0,1,2,3,4
4853,0,1,2,3,4
4895,0,1,2,3,4
4951,0,1,2,3,4
4954,0,1,2,3,4
4964,0,1,2,3,4
500,0,1,2,3,4
5048,0,1,2,3,4
505,0,1,2,3,4
5061,0,1,2,3,4
5073,0,1,2,3,4
5080,0,1,2,3,4
512,0,1,2,3,4
5135,0,1,2,3,4
5141,0,1,2,3,4
5148,0,1,2,3,4
5161,0,1,2,3,4
5209,0,1,2,3,4
5211,0,1,2,3,4
5233,0,1,2,3,4
5237,0,1,2,3,4
5257,0,1,2,3,4
5263,0,1,2,3,4
5299,0,1,2,3,4
5344,0,1,2,3,4
537,0,1,2,3,4
5377,0,1,2,3,4
5437,0,1,2,3,4
5443,0,1,2,3,4
5446,0,1,2,3,4
5500,0,1,2,3,4
5533,0,1,2,3,4
5608,0,1,2,3,4
5714,0,1,2,3,4
575,0,1,2,3,4
5769,0,1,2,3,4
5771,0,1,2,3,4
5802,0,1,2,3,4
5808,0,1,2,3,4
5830,0,1,2,3,4
5847,0,1,2,3,4
5852,0,1,2,3,4
5887,0,1,2,3,4
5902,0,1,2,3,4
5946,0,1,2,3,4
5961,0,1,2,3,4
5967,0,1,2,3,4
5976,0,1,2,3,4
5980,0,1,2,3,4
6044,0,1,2,3,4
6083,0,1,2,3,4
61,0,1,2,3,4
6112,0,1,2,3,4
6118,0,1,2,3,4
6131,0,1,2,3,4
6135,0,1,2,3,4
6149,0,1,2,3,4
6154,0,1,2,3,4
6207,0,1,2,3,4
6221,0,1,2,3,4
623,0,1,2,3,4
6237,0,1,2,3,4
6238,0,1,2,3,4
626,0,1,2,3,4
6264,0,1,2,3,4
6267,0,1,2,3,4
6343,0,1,2,3,4
6408,0,1,2,3,4
6473,0,1,2,3,4
6511,0,1,2,3,4
6544,0,1,2,3,4
6559,0,1,2,3,4
6616,0,1,2,3,4
6626,0,1,2,3,4
6640,0,1,2,3,4
6714,0,1,2,3,4
6719,0,1,2,3,4
6760,0,1,2,3,4
6770,0,1,2,3,4
6787,0,1,2,3,4
6804,0,1,2,3,4
681,0,1,2,3,4
6811,0,1,2,3,4
6824,0,1,2,3,4
6869,0,1,2,3,4
6885,0,1,2,3,4
694,0,1,2,3,4
6959,0,1,2,3,4
6966,0,1,2,3,4
6984,0,1,2,3,4
6987,0,1,2,3,4
7026,0,1,2,3,4
